subject,windows,har_calls,skip_rate_pct,power_saved_pct,f1_gated,f1_always_on
Calm #1190975490,600,198,67.00,65.43,0.9905,0.9737
Calm #1160909894,600,162,73.00,71.43,0.9893,0.9524
Calm #185165210,600,138,77.00,75.42,0.9905,0.9587
Tremor/Parkinsonian #28656985,600,140,76.67,75.09,0.9953,0.9613
Tremor/Parkinsonian #485917157,600,128,78.67,77.09,0.9975,0.9491
Tremor/Parkinsonian #1902527174,600,163,72.83,71.26,0.9872,0.9604
Restless #1963565183,600,389,35.17,33.63,0.9819,0.9687
Restless #1297811993,600,412,31.33,29.80,0.9885,0.9674
Restless #62096249,600,399,33.50,31.97,0.9761,0.9499
