gravity.x,gravity.y,gravity.z,userAcceleration.x,userAcceleration.y,userAcceleration.z
-0.15807,0.98699,-0.0292,0.56783,-0.10322,-0.46229
-0.15638,0.98657,-0.047,0.55555,-0.16045,-0.51432
-0.14772,0.98658,-0.06943,0.30595,-0.33276,-0.21813
-0.14146,0.98497,-0.09904,0.30536,-0.34374,-0.15877
-0.13951,0.98139,-0.13196,0.2415,-0.12422,-0.27356
-0.14284,0.97557,-0.16691,0.23648,0.00766,0.05241
-0.15675,0.96611,-0.20505,0.35551,-0.15807,0.30298
-0.17724,0.95121,-0.25252,0.2462,-0.09338,0.01883
-0.18913,0.93402,-0.30305,0.18315,0.56344,-0.01095
-0.19686,0.91107,-0.36221,0.15371,1.02646,0.21799
-0.21515,0.87966,-0.42415,0.11115,1.17038,0.28629
-0.242,0.84679,-0.47369,0.14139,0.97515,1.11083
-0.24481,0.82068,-0.51628,0.18313,0.65028,1.39035
-0.21568,0.81411,-0.53917,-0.2123,0.61861,0.89923
-0.16381,0.82343,-0.54325,-0.0702,0.79833,0.01969
-0.1139,0.82271,-0.55694,-0.10674,0.8207,-0.09204
-0.10827,0.8116,-0.57409,-0.66258,0.0968,0.50329
-0.11981,0.80026,-0.58755,-0.54347,-0.44312,0.67477
-0.12633,0.79819,-0.58901,-0.37038,-0.4962,0.66517
-0.1345,0.80415,-0.57901,-0.23644,-0.46671,0.64284
-0.15148,0.81153,-0.56433,0.0028,-0.37923,0.60738
-0.16745,0.81914,-0.5486,0.03615,-0.39162,0.51682
-0.18032,0.82864,-0.52995,0.0496,-0.3576,0.42204
-0.19324,0.83951,-0.50782,-0.04497,-0.46384,0.2365
-0.2069,0.84948,-0.48535,-0.05021,-0.4958,0.16229
-0.22318,0.85738,-0.46377,0.06766,-0.42467,0.06663
-0.24291,0.86405,-0.44092,0.2166,-0.10657,0.00505
-0.26148,0.87178,-0.41427,0.39054,0.28244,-0.18135
-0.26823,0.87914,-0.3939,0.47336,0.65115,-0.59098
-0.26506,0.88193,-0.3898,0.46523,0.75194,-0.90807
-0.26378,0.8813,-0.39207,0.17184,0.3945,-0.54091
-0.25915,0.87845,-0.40146,0.01855,-0.09878,0.03331
-0.25726,0.8729,-0.41455,0.00078,-0.20025,0.04582
-0.25494,0.86967,-0.42269,-0.05262,-0.26372,-0.08606
-0.2515,0.87156,-0.42086,-1.00718,1.3541,-1.58693
-0.26606,0.86778,-0.41972,-1.14204,1.72603,-1.101
-0.29457,0.87074,-0.39374,0.01085,0.43679,3.01612
-0.28183,0.87382,-0.39625,-0.06247,0.17814,0.88537
-0.26958,0.88414,-0.3816,0.07315,0.01557,0.85129
-0.25342,0.89147,-0.37557,0.14451,0.67329,1.08175
-0.25184,0.89438,-0.36967,0.17461,0.72677,0.71517
-0.27356,0.89833,-0.34373,0.36254,0.52539,0.65988
-0.3046,0.90309,-0.30273,0.8917,0.51322,0.45239
-0.33317,0.90805,-0.25383,0.81886,0.23434,0.29941
-0.34156,0.91544,-0.21281,0.4409,0.06535,0.37848
-0.32981,0.92776,-0.17457,0.20401,0.01407,0.419
-0.30779,0.94243,-0.13071,0.0001,-0.19676,0.34638
-0.27895,0.95695,-0.0802,-0.14369,-0.34244,0.3346
-0.2545,0.96673,-0.02574,-0.21781,-0.37643,0.17372
-0.24924,0.96802,0.0283,-0.40885,-0.28663,-0.38137
-0.2689,0.96113,0.06258,-0.40622,-0.18297,-0.36967
-0.29201,0.95395,0.06857,-0.09189,0.31476,-0.54315
-0.3108,0.94735,0.07695,0.2145,0.26786,-0.01565
-0.32694,0.94132,0.08379,0.25916,0.22877,0.12945
-0.33381,0.93926,0.0797,0.34195,0.27847,0.0118
-0.33757,0.93758,0.08359,0.42561,0.27638,-0.14989
-0.3405,0.9336,0.1115,0.941,0.38683,-0.32372
-0.34943,0.92959,0.11724,0.94992,0.39084,-0.32946
-0.36104,0.9275,0.09693,0.45555,0.30505,-0.21272
-0.36997,0.9249,0.08763,0.34568,0.78436,-0.33618
-0.3853,0.92078,0.06082,0.62694,0.74258,-0.30728
-0.40117,0.91595,0.00938,0.77042,0.75321,-0.20722
-0.41381,0.90898,-0.05009,0.67523,0.46613,-0.11942
-0.42262,0.89933,-0.11215,0.63452,0.15067,0.07533
-0.43484,0.88331,-0.17513,0.55417,0.39672,0.53912
-0.43907,0.86742,-0.23407,0.69195,0.72523,1.10777
-0.43558,0.85128,-0.29255,0.5414,0.81954,1.20553
-0.42272,0.83586,-0.3502,0.30985,0.72901,0.96407
-0.402,0.82782,-0.39129,0.38982,0.63149,0.46851
-0.39018,0.83338,-0.39145,0.72067,0.54551,0.48641
-0.37921,0.83959,-0.38896,0.99054,0.42683,0.54675
-0.363,0.83901,-0.40531,0.80145,0.40587,0.75931
-0.3566,0.83449,-0.42008,0.57981,0.21457,1.08507
-0.35319,0.82933,-0.43296,0.30861,0.08183,1.05788
-0.35093,0.82604,-0.44102,0.1981,0.0522,0.91734
-0.36304,0.8219,-0.43894,-0.03509,-0.1117,0.92561
-0.38758,0.81527,-0.43025,-0.02521,-0.40125,1.16035
-0.40803,0.81283,-0.41571,-0.02834,-0.41567,1.11466
-0.42119,0.81625,-0.39538,-0.02553,-0.34114,1.05377
-0.42767,0.82459,-0.37032,-0.15731,-0.49851,0.8339
-0.4284,0.83733,-0.33962,-0.20783,-0.48528,0.60582
-0.4255,0.85531,-0.29562,-0.25242,-0.28452,0.3746
-0.42356,0.87564,-0.23206,-0.29671,0.19785,0.00946
-0.42171,0.89039,-0.17132,-0.23944,1.50385,-1.52084
-0.41543,0.89221,-0.17708,-0.08531,1.80958,-2.50616
-0.40018,0.89213,-0.20963,0.99203,0.60381,-1.26611
-0.36533,0.90778,-0.20608,1.46426,-0.32327,-1.07349
-0.34931,0.92064,-0.17434,2.1132,-0.40292,0.82327
-0.34743,0.92578,-0.14903,0.95493,-0.25272,2.54935
-0.35955,0.9189,-0.16232,0.07848,0.12302,1.65487
-0.39873,0.89673,-0.19207,-1.32606,1.08898,-0.53674
-0.43624,0.88542,-0.16039,-0.0872,-0.19703,0.83183
-0.45845,0.87923,-0.12948,0.28279,-0.4574,0.83114
-0.48263,0.86951,-0.10496,0.44122,-0.59436,0.86437
-0.48858,0.86974,-0.06956,0.63017,-0.36556,0.86478
-0.47691,0.87869,-0.02142,0.69532,0.57517,0.89632
-0.4727,0.88113,0.01289,0.76335,0.89134,0.68495
-0.46694,0.88388,0.02669,0.75263,0.36918,0.10294
-0.44521,0.89329,0.06177,0.46865,-0.1475,-0.38492
-0.40881,0.90124,0.14361,0.10542,-0.21687,-0.08539
-0.3731,0.89837,0.23175,-0.16833,-0.00194,-0.40665
-0.3649,0.88864,0.27777,-0.33687,-0.13885,-0.26625
-0.37729,0.87617,0.29995,-0.33617,-0.10424,-0.13616
-0.38823,0.86249,0.32461,-0.33467,-0.01149,-0.0815
-0.39799,0.84878,0.34809,0.44514,0.26231,-0.48649
-0.40231,0.83878,0.36687,0.55676,0.30458,-0.58353
-0.39839,0.83483,0.37992,0.6362,0.32992,-0.58686
-0.39797,0.83213,0.38622,0.84079,0.34089,-0.53207
-0.4026,0.82619,0.3941,0.83467,0.4328,-0.46606
-0.40403,0.81916,0.40709,0.75949,0.43212,-0.40715
-0.39889,0.81586,0.41862,0.54464,0.26509,-0.30567
-0.39122,0.81657,0.42445,0.20637,0.23304,-0.432
-0.38839,0.81831,0.42368,0.0575,0.20514,-0.51561
-0.39695,0.82056,0.41121,0.54202,0.68597,-0.42798
-0.40789,0.82481,0.39153,0.72493,0.87622,-0.39688
-0.40902,0.83764,0.36201,0.86896,1.05442,-0.42654
-0.39648,0.8599,0.32151,0.81293,0.63896,-0.36002
-0.36945,0.88791,0.27407,0.56107,0.34436,-0.31213
-0.34087,0.91409,0.21962,0.17634,0.15914,-0.21012
-0.31575,0.93448,0.16446,0.02576,0.34677,0.38967
-0.30389,0.9463,0.1103,-0.03525,0.59249,0.75897
-0.3089,0.94992,0.04716,-0.20218,0.58624,0.8242
-0.31709,0.9481,-0.02332,-0.18572,0.31548,0.52118
-0.30861,0.94785,-0.07955,0.04283,0.09846,-0.03843
-0.29393,0.95184,-0.08715,0.42464,0.17015,-0.22719
-0.26688,0.9572,-0.11197,0.61011,0.23318,0.38318
-0.23999,0.95786,-0.15779,0.31487,0.05497,0.53012
-0.21017,0.95748,-0.19762,-0.1484,-0.26125,0.50945
-0.18237,0.95666,-0.22704,-0.24252,-0.33895,0.46274
-0.1675,0.95364,-0.25001,-0.10742,-0.45868,0.42325
-0.15844,0.952,-0.26189,0.00234,-0.73761,0.43634
-0.15244,0.95337,-0.26047,-0.10513,-0.79312,0.41227
-0.15044,0.95801,-0.24408,-0.22662,-0.86026,0.34784
-0.15707,0.96374,-0.21572,-0.08926,-0.89771,0.29227
-0.17186,0.96917,-0.17654,0.00552,-0.83354,0.28733
-0.19602,0.97197,-0.12982,-0.06341,-0.44517,0.06566
-0.22736,0.97062,-0.07867,-0.10187,-0.02859,-0.19156
-0.24807,0.96831,-0.02899,-0.0812,0.11144,-0.32665
-0.25157,0.96781,0.00681,-0.12212,0.43208,-0.39962
-0.25424,0.96703,0.01431,0.08329,0.21554,-0.57901
-0.25858,0.9656,0.02746,0.20677,0.11139,-0.57959
-0.25881,0.96384,0.06346,0.43471,-0.11882,-0.37496
-0.25008,0.96213,0.10841,0.39173,-0.32487,0.3711
-0.2336,0.96276,0.13605,0.33806,-0.19847,0.37909
-0.21881,0.96485,0.14554,0.24489,0.16157,0.11799
-0.21876,0.9621,0.16277,0.31454,0.45234,-0.10958
-0.22437,0.95551,0.19143,0.16463,1.30402,-0.67335
-0.23316,0.95181,0.19923,0.05687,1.23827,-0.41368
-0.22568,0.9516,0.2086,-0.13215,1.9172,-0.79548
-0.21352,0.95239,0.2176,-0.2059,0.05835,-0.27836
-0.20161,0.959,0.19915,-0.22429,-0.43163,-0.01248
-0.18974,0.9648,0.1821,-0.18787,-0.80936,-0.04634
-0.18329,0.9685,0.16853,-0.26136,-0.57955,-0.05065
-0.19082,0.96754,0.16569,-0.51392,0.14761,-0.63719
-0.21031,0.96196,0.17435,0.34354,0.15299,-0.94567
-0.2322,0.96029,0.15466,0.62283,0.06379,-0.93842
-0.24143,0.96219,0.12607,0.71317,0.08334,-0.70374
-0.23761,0.96766,0.08462,-0.21678,-0.15615,-0.98515
-0.23333,0.97203,0.02658,-0.40679,-0.50062,-0.39097
-0.22609,0.97316,-0.0428,-0.06175,-0.35823,-0.12863
-0.2176,0.96927,-0.11468,0.52592,0.05322,0.39605
-0.21045,0.96027,-0.18327,1.36709,0.51414,0.64318
-0.19337,0.95193,-0.23755,1.10626,0.56119,0.90325
-0.15124,0.94764,-0.28125,0.21568,0.34676,0.74661
-0.10119,0.94455,-0.31238,-0.40346,0.19492,-0.14924
-0.06771,0.9422,-0.32813,-0.87934,0.61104,-0.22404
-0.03767,0.94653,-0.3204,-0.61208,0.25225,-0.31378
-0.02414,0.95635,-0.29123,-0.27739,-0.37961,-0.02623
-0.02908,0.96823,-0.24837,0.06798,-0.69479,0.09182
-0.05194,0.97782,-0.20287,0.26441,-0.72764,0.065
-0.0943,0.98281,-0.15868,0.29039,-0.66084,-0.00562
-0.14885,0.98238,-0.11296,0.0665,-0.29092,-0.00386
-0.1947,0.97904,-0.05968,-0.03737,0.48691,0.05617
-0.21666,0.97623,0.00538,-0.00421,0.53822,-0.07774
-0.21864,0.97241,0.08128,-0.24933,0.40297,-0.74375
-0.21515,0.96796,0.12941,-0.15762,0.22707,-1.32468
-0.19514,0.9666,0.16616,0.27712,-0.47546,-0.52688
-0.17101,0.96441,0.20165,0.20372,-0.71027,-0.31368
-0.15897,0.96468,0.21004,0.04404,-0.95403,0.32783
-0.14985,0.9679,0.20177,-0.17285,-0.34813,0.03526
-0.15192,0.96693,0.20486,-0.39271,0.14608,-0.32714
-0.16619,0.95642,0.24008,-0.23183,0.73969,0.09898
-0.17892,0.94985,0.25643,-0.01756,1.17577,-0.34924
-0.20052,0.95086,0.23589,0.42663,3.43143,-2.50669
-0.21176,0.95296,0.21684,0.33585,-0.82463,0.59944
-0.18249,0.95672,0.22666,0.46116,-1.02656,0.25863
-0.16286,0.96421,0.20919,0.45384,-0.85777,0.07049
-0.16056,0.97374,0.16138,0.47437,0.53143,-0.76237
-0.17328,0.97547,0.13573,0.94112,1.20994,-1.36825
-0.17892,0.97595,0.12454,0.62546,0.48577,-1.85974
-0.16569,0.98309,0.07797,-0.21886,0.06524,-1.12074
-0.14332,0.98965,0.00616,-0.63183,-0.11397,-0.09416
-0.11622,0.99083,-0.0688,-0.39986,-0.3752,0.51754
-0.09802,0.98452,-0.14529,0.01805,-0.51658,0.9119
-0.0947,0.97457,-0.20306,0.77527,-0.56465,1.05249
-0.08051,0.97021,-0.22849,0.77382,-0.43989,0.6989
-0.05396,0.96854,-0.24293,0.03775,0.8481,0.01991
-0.04336,0.96591,-0.25519,-0.52736,0.56116,0.1494
-0.04302,0.96294,-0.26625,-0.4701,0.10363,0.17505
-0.04439,0.96664,-0.25226,-0.43549,-0.09388,0.16953
-0.05332,0.97575,-0.21226,-0.20576,-0.1937,0.00163
-0.07503,0.98457,-0.15805,0.06892,-0.11406,-0.22669
-0.10783,0.98895,-0.10171,0.1151,-0.05223,-0.2214
-0.14243,0.98885,-0.04334,0.06573,0.05572,-0.03729
-0.17191,0.98496,0.01698,0.11176,0.31695,-0.30425
-0.19064,0.97817,0.08267,0.22723,0.25847,-0.45093
-0.19738,0.96896,0.1488,0.23915,0.02945,-0.36564
-0.19405,0.96132,0.19545,0.20526,-0.15037,-0.33875
-0.18597,0.95748,0.22053,-0.04705,-0.55074,-0.56375
-0.18474,0.95593,0.22818,-0.14813,-0.58692,-1.83634
-0.18693,0.95687,0.22235,0.29701,-0.58856,-0.04504
-0.19402,0.95454,0.22629,0.14776,-0.68464,0.9464
-0.20635,0.9555,0.21076,0.17132,-0.13351,0.60926
-0.23481,0.95294,0.19174,-0.05157,0.93682,0.2169
-0.25529,0.94581,0.20068,0.06608,1.63917,-0.8529
-0.2417,0.92845,0.28206,1.16001,3.19613,-1.97993
-0.2531,0.93997,0.22887,-0.0646,-0.08748,-0.20175
-0.23532,0.95039,0.20342,0.05139,-0.81556,-0.11965
-0.20895,0.95896,0.19164,0.18356,-0.89213,0.13572
-0.19777,0.96709,0.16004,0.14545,-0.47149,0.12579
-0.2066,0.96806,0.14202,-0.17898,0.39365,-0.36405
-0.21638,0.9635,0.1576,0.34648,0.53665,-0.36505
-0.22071,0.96424,0.14672,0.87246,0.20453,-0.83432
-0.21321,0.9705,0.11254,0.57898,0.55742,-1.58415
-0.18334,0.98107,0.06235,0.15238,0.51364,-1.49971
-0.14859,0.98881,-0.01263,-0.14752,0.38527,-0.28292
-0.1214,0.98739,-0.10156,0.22494,0.19162,0.92739
-0.10281,0.97849,-0.17885,0.35054,0.18616,1.34456
-0.08057,0.96879,-0.23442,0.29549,-0.31618,0.50909
-0.04899,0.95702,-0.28585,-0.18175,0.16486,-0.08965
-0.01286,0.94555,-0.32521,-0.24172,0.39274,0.05471
0.01553,0.93803,-0.34619,-0.7421,-0.146,0.34
0.04054,0.93662,-0.34799,-0.64947,-0.37444,0.12597
0.05141,0.94282,-0.3293,-0.55237,-0.4019,0.06747
0.04118,0.95662,-0.28841,-0.02928,-0.33033,-0.0626
0.00484,0.97306,-0.23048,0.29411,-0.3644,-0.14214
-0.05262,0.98481,-0.16542,0.28246,-0.16542,0.01601
-0.11972,0.98745,-0.10293,0.10257,0.13669,0.16081
-0.17269,0.98363,-0.05142,0.23513,0.10725,0.19986
-0.20827,0.97806,0.00391,0.29161,0.17332,0.12463
-0.23795,0.9689,0.06783,0.26073,0.2336,-0.06874
-0.24807,0.95893,0.13752,0.148,0.13872,-0.26472
-0.23646,0.95025,0.20272,-0.00783,0.0021,-0.49612
-0.22379,0.94609,0.23413,0.43295,-0.39502,-1.32068
-0.22371,0.94278,0.24722,0.2954,-0.62245,0.09404
-0.22824,0.94442,0.23659,-0.03506,-0.41207,0.36523
-0.23994,0.94517,0.22151,-0.12604,0.57749,-0.2615
-0.25501,0.93693,0.23898,0.24552,1.82715,-1.10452
-0.26055,0.93606,0.23642,0.09012,2.40516,-1.54509
-0.26675,0.94427,0.19283,0.28527,0.30264,-0.40241
-0.26038,0.95305,0.15455,0.00937,-0.61726,0.72884
-0.25762,0.95852,0.12191,0.19594,-0.82078,0.35874
-0.25215,0.96295,0.09563,0.39339,-0.71688,0.33788
-0.24755,0.96449,0.09206,0.59832,-0.36915,0.18222
-0.24671,0.96315,0.10709,1.17583,0.81124,-0.70285
-0.23524,0.96835,0.08339,1.22115,0.66043,-1.28617
-0.20469,0.97757,0.04951,0.57226,0.51503,-2.38226
-0.15967,0.98711,-0.01051,-0.18275,0.42813,-0.18235
-0.11285,0.99002,-0.08439,-0.33176,0.12778,0.22784
-0.07792,0.98471,-0.15576,0.02819,-0.07213,1.22305
-0.05373,0.97599,-0.21108,0.35672,-0.25022,1.17201
-0.02749,0.96565,-0.25838,0.1137,-0.37155,0.37271
-0.00673,0.95742,-0.28862,-0.50757,0.09573,0.07571
0.0028,0.95349,-0.30139,-0.74924,0.08688,0.33813
0.00409,0.9532,-0.3023,-0.50159,-0.30789,0.4011
-0.00579,0.95976,-0.28076,-0.37192,-0.44944,0.4044
-0.02342,0.9724,-0.23215,-0.01924,-0.19461,0.02376
-0.0502,0.98386,-0.17173,0.22829,0.00605,-0.11032
-0.08735,0.98996,-0.11113,0.2823,0.3488,-0.28549
-0.13093,0.98962,-0.05919,0.37836,0.37453,-0.34245
-0.17323,0.98488,0.00021,0.59959,0.20561,-0.35144
-0.20368,0.97632,0.07278,0.50415,-0.0138,-0.2485
-0.21741,0.96701,0.13269,0.2695,-0.1453,-0.48181
-0.22465,0.96347,0.14578,0.07521,-0.28901,-1.06405
-0.22736,0.9632,0.14333,0.21053,-0.12961,0.38322
-0.23333,0.96256,0.1379,-0.15874,0.25675,0.49185
-0.24799,0.95744,0.14766,-0.54861,1.11776,0.01566
-0.24873,0.94635,0.20625,-0.54813,2.3014,-1.21685
-0.25719,0.94139,0.21823,-0.25868,2.63226,-2.54393
-0.26756,0.94917,0.16577,0.01878,-0.84756,0.73868
-0.26513,0.95605,0.12516,0.41223,-0.86115,0.57767
-0.2625,0.96057,0.09165,0.49172,-0.77265,0.32431
-0.26579,0.9612,0.07383,0.83323,-0.1156,-0.39597
-0.27676,0.95586,0.09865,0.81251,0.64597,-0.1039
-0.27689,0.9529,0.12373,0.667,0.17397,-0.14874
-0.27557,0.95277,0.12759,0.52772,0.04074,-0.36332
-0.27674,0.95335,0.1205,-0.11214,-0.14368,-1.17311
-0.27196,0.95758,0.09525,-0.08832,0.22765,-0.97567
-0.25888,0.96387,0.06262,0.06751,0.36717,-0.5295
-0.24729,0.96893,0.0046,0.69679,0.21241,-0.40933
-0.23316,0.97022,-0.06566,0.8234,0.62378,-0.6281
-0.2176,0.96591,-0.14024,0.40458,0.93781,0.1342
-0.20655,0.95466,-0.21435,0.1021,0.90782,1.11854
-0.20039,0.93834,-0.28169,-0.45976,-0.11374,0.80542
-0.18748,0.92497,-0.33056,-0.75525,-0.69365,0.41001
-0.18032,0.91382,-0.36389,-0.75756,-0.70125,0.16465
-0.18341,0.90655,-0.38015,-0.18379,0.07245,0.28884
-0.18062,0.90724,-0.37986,-0.06648,-0.28984,0.35485
-0.17697,0.91578,-0.36059,0.02813,-0.37575,0.31809
-0.18128,0.9291,-0.32233,0.33935,-0.20341,0.26314
-0.19305,0.94391,-0.26787,0.39465,-0.05111,0.03946
-0.21507,0.95535,-0.20259,0.36807,0.04866,-0.0255
-0.24038,0.96192,-0.13005,0.42463,0.10863,-0.07359
-0.25823,0.96471,-0.05135,0.48888,0.03326,-0.03583
-0.26333,0.96432,0.02709,0.49156,-0.05987,-0.17371
-0.2586,0.96122,0.09578,0.36085,-0.14292,-0.38459
-0.24247,0.959,0.14671,0.39855,-0.00825,-1.15661
-0.22076,0.96264,0.1568,0.33233,-0.44317,-1.28055
-0.20746,0.96769,0.14326,-0.17167,-1.22993,-0.40158
-0.20058,0.96799,0.15086,-0.37394,-1.26365,0.35144
-0.18768,0.9644,0.18628,-0.41086,-0.64892,0.50224
-0.18653,0.95931,0.21195,-0.71203,2.27769,0.15045
-0.20987,0.95066,0.22844,0.05443,1.41476,-1.08472
-0.18982,0.94638,0.26139,0.45037,2.65801,-1.80015
-0.19864,0.95264,0.23024,-0.11739,1.12271,-0.30177
-0.20967,0.95906,0.19035,0.02868,-0.56317,0.59773
-0.20467,0.9643,0.16802,0.37613,-0.56496,0.37061
-0.20111,0.96735,0.15419,0.63113,-0.28364,0.32857
-0.20307,0.96701,0.15378,0.72483,0.03157,-0.39034
-0.20585,0.95869,0.1963,0.62396,0.32656,-0.94546
-0.20656,0.95618,0.20747,0.30297,0.1217,-1.00671
-0.20171,0.95932,0.1975,-0.18064,-0.10872,-0.58987
-0.19921,0.95965,0.19845,-0.09663,-0.29487,-0.52754
-0.20848,0.9609,0.18221,0.08704,-0.2071,-0.46352
-0.22422,0.96375,0.14453,0.15762,0.38879,-0.68524
-0.236,0.96786,0.08677,0.38786,0.94237,-0.75859
-0.23621,0.97146,0.02162,0.33061,0.50045,0.19917
-0.2226,0.97403,-0.04124,0.22983,0.29533,0.86643
-0.19586,0.97513,-0.10372,0.35899,0.15802,0.38015
-0.16139,0.97704,-0.13906,0.23598,0.16926,0.12931
-0.11756,0.97942,-0.164,-0.04481,0.9442,-0.63817
-0.06991,0.97922,-0.19033,-0.34055,0.56112,-0.30984
-0.03878,0.97765,-0.20661,-0.44439,-0.00644,0.09661
-0.02485,0.97706,-0.21151,-0.20859,-0.21172,0.34118
-0.02396,0.9775,-0.20954,0.08231,-0.48585,0.33382
-0.03083,0.97953,-0.19889,0.00515,-0.62251,0.43993
-0.03475,0.98309,-0.17976,-0.09968,-0.60585,0.42958
-0.03929,0.9866,-0.15831,-0.21612,-0.59451,0.25493
-0.04444,0.99031,-0.13154,-0.23633,-0.64149,0.10219
-0.04601,0.99398,-0.09935,-0.21907,-0.5801,-0.12112
-0.0475,0.9967,-0.06568,-0.23304,-0.48946,-0.50131
-0.05503,0.99793,-0.03303,-0.21222,-0.03492,-0.63761
-0.06611,0.9978,0.00354,-0.05842,0.20922,-0.72287
-0.06436,0.99714,0.03936,0.13932,0.52075,-1.02091
-0.0557,0.99795,0.03121,0.02027,0.45584,-1.41119
-0.04915,0.99866,0.01606,0.01558,-0.04436,-0.46095
-0.04096,0.99915,-0.00341,-0.0726,-0.1382,-0.4311
-0.03305,0.99907,-0.02749,-0.55547,-0.43485,-1.2291
-0.02495,0.99904,-0.03574,-0.83206,-0.30271,-0.22665
-0.03079,0.99946,-0.01073,-0.52089,0.09909,2.23581
-0.06381,0.99791,0.00931,-0.6788,0.55331,0.90584
-0.09455,0.99446,0.04587,-0.28329,-0.05597,0.65344
-0.1078,0.99182,0.06823,0.0574,0.20105,0.83193
-0.11903,0.99013,0.07395,-0.10662,0.99194,0.52415
-0.12481,0.9881,0.08988,-0.03902,1.22933,0.1699
-0.13146,0.9816,0.13843,0.51198,0.46386,-0.14038
-0.13647,0.97026,0.19989,0.64282,0.26634,-0.09961
-0.14706,0.96227,0.22891,0.5733,0.04927,-0.08768
-0.14579,0.95655,0.25246,0.33851,0.08359,-0.04296
-0.12701,0.94698,0.29509,0.20228,0.0552,-0.0226
-0.10167,0.93328,0.34445,-0.0055,-0.01729,0.08577
-0.08679,0.91672,0.38996,-0.18889,-0.25603,-0.01622
-0.09647,0.89667,0.43204,-0.21571,-0.30067,-0.26776
-0.11383,0.87017,0.4794,-0.4004,-0.15254,-1.43407
-0.08581,0.84659,0.52527,-0.12889,0.24188,-1.55806
-0.04668,0.84655,0.53024,-0.05875,0.29664,-0.73881
-0.0455,0.84061,0.5397,0.14812,0.19927,-0.71898
-0.07364,0.82909,0.55422,0.29007,0.33578,-0.76245
-0.10502,0.82593,0.55389,0.39534,0.42998,-0.85545
-0.12649,0.83175,0.54052,0.38081,0.31029,-1.11206
-0.1397,0.84258,0.52012,0.40966,0.61944,-1.05738
-0.14676,0.8619,0.48536,0.51621,0.87287,-0.53781
-0.15543,0.89454,0.41907,0.49936,0.9412,-0.45557
-0.14798,0.93118,0.33316,0.36559,0.87265,-0.21069
-0.12477,0.96214,0.2423,0.2778,0.80037,0.21546
-0.09491,0.98314,0.15624,0.16805,1.05105,0.69556
-0.06522,0.99438,0.08332,-0.14885,1.08291,0.6514
-0.04316,0.99895,0.01482,-0.18555,0.79078,0.5255
-0.02312,0.99886,-0.04162,0.00115,0.31683,0.37252
-0.00619,0.99677,-0.08002,0.32089,0.10029,0.47515
0.00674,0.99426,-0.1067,0.67016,0.09738,0.59666
0.02139,0.99167,-0.12697,0.81437,0.0973,0.46243
0.0621,0.98578,-0.15611,0.47572,0.16302,0.53143
0.10262,0.97722,-0.18574,0.2183,0.13519,0.78521
0.12013,0.96504,-0.23295,0.05563,-0.09454,1.0826
0.12418,0.95046,-0.28495,-0.12206,-0.37194,1.08803
0.11874,0.93841,-0.32445,-0.33858,-0.55171,1.06289
0.10274,0.92961,-0.35391,-0.41065,-0.5316,1.11526
0.08463,0.92452,-0.37161,-0.529,-0.4108,1.13571
0.06939,0.9242,-0.37555,-0.70257,-0.39058,0.94835
0.05966,0.9282,-0.36727,-0.79195,-0.4314,0.866
0.0588,0.93744,-0.34313,-0.84089,-0.53705,0.75913
0.06607,0.95304,-0.29553,-1.03528,-0.32661,0.49293
0.06988,0.97029,-0.2316,-0.95079,0.70654,-0.8108
0.06932,0.97557,-0.20845,-0.27783,1.15287,-1.63489
0.07671,0.97327,-0.21644,0.00288,0.52522,-1.66332
0.08907,0.96741,-0.23702,0.54169,0.36224,-1.17228
0.11457,0.96762,-0.22491,1.16792,-0.11807,-0.13266
0.11963,0.97389,-0.1929,1.04387,0.27583,1.73493
0.10225,0.98077,-0.16618,-0.24272,0.59579,1.39316
0.08698,0.9803,-0.17732,-1.17286,0.36498,-1.74527
0.07746,0.96907,-0.2343,-0.78981,-0.52308,0.26163
0.0657,0.96836,-0.24074,-0.41755,-0.74363,0.94205
0.04923,0.97035,-0.23661,0.03832,-0.69378,1.06063
0.02878,0.97474,-0.22146,0.08653,-0.55798,1.12301
0.01768,0.98161,-0.19004,0.25019,0.22782,1.08422
-0.00057,0.98449,-0.17539,0.33791,0.94448,0.60982
-0.02813,0.98305,-0.18111,0.29153,0.55376,0.36327
-0.03874,0.98553,-0.165,0.03183,-0.21763,-0.24016
-0.0255,0.995,-0.09645,-0.28244,-0.22856,0.18846
-0.00367,0.99908,-0.04259,-0.35615,-0.22593,0.27641
0.01657,0.99976,-0.01388,-0.3515,-0.26493,0.20034
0.0319,0.99937,0.01485,-0.37275,-0.2762,0.19507
0.03705,0.99805,0.05,-0.39699,-0.23893,0.2468
0.03178,0.99571,0.08679,-0.33326,0.05611,0.09734
0.01865,0.99319,0.11491,-0.00986,0.1684,-0.20605
0.00519,0.99075,0.13554,0.15834,0.21106,-0.31392
-0.00201,0.98869,0.14991,0.31204,0.23648,-0.32724
-0.00314,0.98618,0.16562,0.15484,0.15169,-0.41812
0.00248,0.9831,0.18301,-0.10691,0.17066,-0.27983
0.00588,0.98275,0.18483,-0.19112,0.14686,-0.26364
0.00231,0.98509,0.172,-0.35325,0.27714,-0.49721
-0.00834,0.98935,0.14525,0.06647,0.68081,-0.46061
-0.02785,0.99493,0.09656,0.38727,0.90477,-0.40404
-0.04402,0.99878,0.022,0.57747,0.9998,-0.29945
-0.04983,0.9968,-0.06236,0.19885,0.07835,0.06851
-0.05333,0.98774,-0.14668,0.04625,0.10685,0.40235
-0.05931,0.97058,-0.23335,-0.10379,0.27965,1.13003
-0.05932,0.94909,-0.30936,-0.22036,0.77032,1.18415
-0.05222,0.92634,-0.37303,-0.35472,0.92284,1.21564
-0.03537,0.90295,-0.42829,-0.4056,0.3292,0.69808
-0.00226,0.8854,-0.46481,0.1996,0.16642,0.25638
0.01796,0.87829,-0.47778,0.38614,0.20429,0.44778
0.03628,0.86435,-0.50157,0.35848,0.20592,0.65205
0.0539,0.84129,-0.53788,-0.2161,-0.09085,0.89474
0.07459,0.81821,-0.57005,-0.39037,-0.15712,0.83411
0.09328,0.79987,-0.59288,-0.49741,-0.16518,0.76538
0.08269,0.78138,-0.61854,-0.13777,-0.23179,0.83772
0.06054,0.76718,-0.63857,-0.23914,-0.56678,0.85865
0.0442,0.76104,-0.6472,-0.29721,-0.63536,0.86436
0.03512,0.7635,-0.64484,-0.44571,-0.66316,0.77175
0.03013,0.77351,-0.63306,-0.38006,-0.70143,0.79353
0.0261,0.79202,-0.60994,-0.31158,-0.63099,0.7673
0.02002,0.81797,-0.5749,-0.31921,-0.44108,0.64416
0.00444,0.84886,-0.52859,-0.23001,-0.22716,0.56939
-0.01436,0.88024,-0.47431,-0.1761,0.50404,0.23349
-0.01647,0.90269,-0.42997,-0.17631,0.70742,0.06805
0.00949,0.9138,-0.40604,-0.0758,0.7579,-0.28313
0.03283,0.92516,-0.37813,0.08158,0.36614,-0.1869
0.03668,0.93764,-0.34564,0.16016,0.20945,-0.17776
0.02977,0.95018,-0.31026,0.2975,0.07266,-0.18635
0.02871,0.96314,-0.26743,0.36749,-0.03986,0.23928
0.04246,0.97161,-0.23272,0.17063,-0.26405,0.42441
0.05826,0.97472,-0.21566,-0.07454,-0.13096,0.65705
0.06112,0.97577,-0.21008,-0.39593,-0.00044,0.60337
0.04304,0.97734,-0.20722,-0.33364,-0.19484,0.17182
0.01406,0.97928,-0.20198,-0.13968,-0.22764,0.07405
-0.01778,0.98216,-0.18715,-0.49519,2.03505,-0.39535
-0.03394,0.98029,-0.19461,-0.52255,4.79596,-1.47949
-0.00867,0.97885,-0.20434,-0.24275,-0.32698,1.22349
0.02171,0.97721,-0.21113,-0.19615,-0.69943,0.89092
0.03924,0.97032,-0.2386,-0.2039,-0.77469,0.99066
0.05496,0.96462,-0.25783,-0.40706,-0.45781,1.18915
0.05586,0.96561,-0.2539,-0.54948,0.03526,0.74581
0.03951,0.97062,-0.23733,-0.31374,0.13142,0.32225
0.00849,0.97775,-0.20958,-0.15598,0.1111,0.14031
-0.03159,0.98811,-0.15042,0.62844,0.60262,-1.57795
-0.02934,0.98949,-0.14157,0.08841,0.03487,-0.95366
-0.01078,0.98783,-0.15514,-0.2715,-0.34832,-0.07884
-0.00913,0.98665,-0.16258,-0.20697,-0.39294,-0.03092
-0.0094,0.98355,-0.18034,-0.12419,-0.4454,-0.16833
0.00122,0.9793,-0.20238,0.16548,-0.10325,-0.32604
0.0348,0.9724,-0.2307,0.23307,0.04459,-0.43599
0.07614,0.95257,-0.29461,0.11622,0.47614,-0.31435
0.09354,0.91374,-0.39537,0.24989,0.57519,0.36659
0.09241,0.86485,-0.49344,0.15391,0.64896,0.63674
0.07542,0.81647,-0.57243,0.54323,0.44444,1.87353
0.10025,0.78627,-0.60969,0.0167,0.29259,0.9365
0.14739,0.76234,-0.63016,-0.71939,0.30231,0.21453
0.15996,0.73908,-0.65434,-0.64664,0.18072,0.88082
0.16184,0.72659,-0.66774,-0.68018,-0.14187,0.93004
0.17575,0.73223,-0.65799,-0.79844,-0.21102,0.70103
0.19289,0.75824,-0.62278,-0.77209,-0.05119,0.65635
0.20298,0.80286,-0.56054,-0.42672,-0.08458,0.56858
0.19303,0.85495,-0.48145,-0.20449,-0.11373,0.27875
0.16346,0.90228,-0.39896,-0.26601,0.13628,0.08034
0.12309,0.93746,-0.32558,-0.19763,0.26511,0.1041
0.08353,0.95841,-0.27288,0.26755,0.16998,-0.19986
0.04842,0.97032,-0.23691,0.33543,0.10176,-0.39969
0.03629,0.97267,-0.22933,0.22661,-0.27,-1.04066
0.03356,0.97555,-0.21717,0.2687,-0.79808,-0.08378
0.02527,0.97821,-0.20603,0.17325,-0.66878,0.62269
0.01436,0.97685,-0.21343,0.03079,0.03104,0.90846
0.00831,0.97512,-0.22148,-0.29708,1.63996,-0.3717
0.00472,0.98029,-0.19747,-0.38908,0.81919,0.02323
0.0094,0.981,-0.19377,-1.16202,3.83593,-1.96524
0.01948,0.97561,-0.21863,-0.17349,-0.89171,1.08974
0.02016,0.96775,-0.25107,0.13911,-0.99624,0.72452
0.02027,0.95952,-0.28087,0.19533,-0.89692,0.66763
0.01878,0.95342,-0.30105,0.2253,-0.11853,0.75938
0.00634,0.95478,-0.29723,0.18593,0.49233,0.48003
0.0224,0.96238,-0.27075,0.71642,0.26621,-1.13115
0.07598,0.96316,-0.25794,-0.37252,-0.04744,-0.48115
0.09982,0.95808,-0.26853,-0.39636,-0.04236,-0.47056
0.11853,0.9427,-0.31186,-0.51924,-0.27288,-0.14116
0.14924,0.91856,-0.36601,0.2395,0.29463,-0.03397
0.17738,0.88634,-0.4277,0.49889,0.56775,0.31103
0.1867,0.84964,-0.49321,0.8544,0.74366,1.20726
0.19359,0.81459,-0.54677,-0.05525,0.29474,1.3279
0.21637,0.78619,-0.57886,-0.83869,-0.14352,0.45098
0.23768,0.76725,-0.59567,-1.21326,0.10711,0.46023
0.24658,0.75586,-0.60653,-0.98967,0.5159,0.4824
0.26734,0.75858,-0.5942,-0.78918,0.23663,0.35204
0.28736,0.77797,-0.55873,-0.65625,0.05854,0.4418
0.29494,0.80928,-0.50801,-0.42423,-0.07085,0.35949
0.27816,0.84406,-0.45846,-0.22822,-0.06011,0.0741
0.23941,0.8762,-0.41828,-0.1737,0.05541,-0.01119
0.18739,0.90568,-0.38028,-0.12285,0.23441,0.20646
0.13592,0.93102,-0.33869,-0.01345,0.225,0.1497
0.09056,0.95117,-0.29508,-0.00812,0.00759,-0.04437
0.06006,0.96583,-0.25212,0.0148,0.14067,0.02775
0.04247,0.97515,-0.2174,0.05871,0.10688,0.05822
0.03884,0.98076,-0.19126,0.28086,-0.16283,-0.35684
0.05342,0.9836,-0.17223,0.34363,-0.47126,-0.24641
0.06324,0.98501,-0.16047,0.02468,-0.87067,0.34165
0.05742,0.98425,-0.16716,-0.19236,-0.71986,0.38928
0.04368,0.98565,-0.163,-0.42956,0.54136,-0.37753
0.02243,0.98884,-0.14727,-0.05111,0.6452,0.48368
-0.00131,0.98514,-0.17172,-0.08845,0.97452,0.29139
-0.01448,0.98684,-0.161,0.02537,1.97982,-0.82197
-0.00021,0.98875,-0.14953,-0.00734,0.30733,0.13266
0.01419,0.98635,-0.16401,0.05742,-0.41779,0.22262
0.01629,0.98346,-0.18036,0.10271,-0.55019,0.06576
0.01194,0.97613,-0.21685,-0.00065,-0.35914,-0.00372
0.00596,0.97246,-0.23299,-0.13024,0.64318,-0.13266
0.01892,0.97045,-0.24053,0.40814,0.41239,-0.63563
0.06043,0.9628,-0.26336,0.32238,0.2123,-1.09827
0.09934,0.94409,-0.31435,-0.44495,0.4816,-0.06267
0.11609,0.91267,-0.39185,-0.22353,0.24959,0.95992
0.12891,0.87358,-0.46929,0.00874,0.19922,1.25562
0.13488,0.83985,-0.5258,0.29957,-0.06844,1.34254
0.15196,0.81641,-0.55711,-0.02482,-0.05175,0.58139
0.18237,0.79986,-0.5718,-0.55504,0.40601,0.15117
0.19616,0.78745,-0.58433,-1.02517,0.56279,0.78895
0.19756,0.77923,-0.59478,-0.89481,0.00345,0.87112
0.20432,0.7837,-0.58657,-0.66437,-0.11309,0.69203
0.208,0.80299,-0.55851,-0.5819,-0.13635,0.65858
0.20543,0.83233,-0.5148,-0.45505,-0.0482,0.50436
0.18907,0.86536,-0.46412,-0.42291,0.00826,0.38677
0.1529,0.89715,-0.4144,-0.18492,0.35849,0.09168
0.10257,0.92542,-0.36479,0.03167,0.41101,-0.03327
0.05123,0.94974,-0.30882,0.1992,0.43608,-0.25631
0.02588,0.96347,-0.26653,0.55481,-0.03576,-0.67537
0.02594,0.9717,-0.23475,0.42287,-0.434,-0.25881
0.02578,0.97617,-0.21543,0.08308,-1.11611,0.65473
0.02091,0.97649,-0.21451,0.04611,-1.20173,0.70685
0.01598,0.97581,-0.21803,-0.07404,-1.02572,0.61735
0.00944,0.97659,-0.21487,-0.30918,0.94068,0.0306
-0.01919,0.98252,-0.18513,-0.17951,2.18958,-0.41302
-0.03624,0.9858,-0.16395,-0.0972,-0.14664,0.28497
-0.02051,0.98279,-0.18355,-0.53577,0.71043,0.10283
-0.009,0.98562,-0.16872,-0.62293,2.02836,-0.96067
0.01387,0.98547,-0.16924,-0.2279,-0.25923,0.6296
0.02034,0.98128,-0.1915,0.19031,-0.37888,0.36971
0.00878,0.97647,-0.21543,0.28397,-0.30765,0.26217
-0.007,0.97,-0.24299,0.23014,-0.12635,0.02397
-0.00054,0.9685,-0.24898,0.27752,0.42108,-0.09752
0.02606,0.9656,-0.25871,0.30898,-0.01002,-0.7556
0.06377,0.95483,-0.2902,-0.06619,0.28636,-0.88116
0.09651,0.9326,-0.34775,-0.46948,0.68921,0.31573
0.11462,0.89702,-0.42685,-0.28542,0.43363,0.75414
0.11832,0.85772,-0.50032,0.17117,0.17587,1.62671
0.13438,0.8293,-0.5424,0.18118,0.12599,1.3963
0.18244,0.8092,-0.55849,-0.3556,0.05738,0.11315
0.21494,0.79109,-0.57269,-0.46889,0.53917,0.33337
0.21563,0.77382,-0.59557,-0.78051,0.36295,0.80282
0.22517,0.76899,-0.59829,-0.74026,0.03887,0.71888
0.23169,0.78147,-0.57932,-0.58681,-0.14186,0.65569
0.23089,0.80671,-0.54397,-0.46656,-0.11441,0.66746
0.2211,0.84106,-0.49368,-0.41187,-0.02679,0.61196
0.19729,0.87499,-0.44211,-0.37069,-0.02384,0.50957
0.16543,0.90512,-0.39163,-0.24708,-0.00293,0.22018
0.12848,0.93326,-0.33541,-0.03496,0.20654,0.04573
0.08451,0.95731,-0.27641,0.1805,0.16959,-0.03084
0.04395,0.97447,-0.22014,0.35574,-0.16913,-0.50081
0.03209,0.97974,-0.19769,0.42945,-0.19433,-0.73887
0.0371,0.98261,-0.18191,0.56312,-0.38375,-0.94985
0.04136,0.98661,-0.15776,0.06909,-0.72425,0.43746
0.0385,0.98522,-0.16687,0.03367,-0.70846,0.99898
0.02767,0.98076,-0.1932,-0.25976,0.07629,0.90748
0.01639,0.97878,-0.20423,-0.51717,1.50527,0.32027
0.00109,0.9856,-0.16908,-0.24376,0.13235,-0.24106
-0.00157,0.99179,-0.1278,-0.64254,2.19617,-1.4549
0.02009,0.9866,-0.16189,-0.506,0.70275,-0.08874
0.02957,0.98412,-0.17502,0.03084,-0.65048,0.62109
0.02387,0.98138,-0.19054,0.40536,-0.6525,0.46961
0.0158,0.9751,-0.22116,0.42435,-0.35564,0.29438
0.02555,0.97211,-0.23309,0.37478,0.83543,-0.25196
0.06087,0.97205,-0.22674,0.45991,0.27882,-0.90171
0.10429,0.96134,-0.25483,0.0511,0.16766,-1.39565
0.12881,0.94021,-0.31528,-0.63716,0.31635,0.02935
0.14452,0.90695,-0.39565,-0.22736,0.25232,0.69709
0.14696,0.87131,-0.46821,0.12906,0.12312,1.4383
0.13661,0.8404,-0.52446,0.23977,0.00916,1.53849
0.13321,0.81822,-0.55926,0.03956,0.16642,0.57644
0.15274,0.80568,-0.57232,-0.66544,0.5103,0.33152
0.16303,0.79547,-0.58365,-0.908,0.48829,0.56523
0.16196,0.78931,-0.59225,-0.5699,-0.10629,0.826
0.15889,0.79656,-0.5833,-0.47934,-0.12758,0.74776
0.153,0.81707,-0.55587,-0.4564,-0.13302,0.6708
0.13796,0.84714,-0.51315,-0.37731,0.19507,0.38382
0.10188,0.87888,-0.46603,-0.18808,0.53224,0.0502
0.048,0.90827,-0.41561,0.07466,0.22773,-0.18183
-0.00712,0.93343,-0.35867,0.29621,0.17498,-0.13446
-0.05437,0.95313,-0.29762,0.38733,0.106,-0.17418
-0.08023,0.96635,-0.24439,0.44156,-0.11976,-0.2426
-0.0881,0.97183,-0.21857,0.36774,-0.49504,-0.48039
-0.09383,0.97361,-0.20801,0.19307,-0.96339,0.16976
-0.10313,0.9749,-0.19729,0.1663,-1.10895,0.6583
-0.1108,0.97294,-0.20273,0.08675,-1.1858,0.96938
-0.11069,0.97113,-0.2113,-0.38845,0.4271,0.56525
-0.11954,0.97679,-0.17774,-0.48436,2.23926,-0.54152
-0.13924,0.98192,-0.12816,0.11752,0.0744,-0.71633
-0.13597,0.97848,-0.15518,-0.04007,-0.60563,0.31109
-0.11811,0.98136,-0.15157,-0.07021,0.09104,0.26213
-0.12447,0.98462,-0.12255,0.25005,1.6536,-0.69516
-0.12558,0.98264,-0.13653,0.55481,-0.10338,-0.30161
-0.13333,0.97881,-0.15539,0.53011,-0.4458,-0.12035
-0.14649,0.97332,-0.17659,0.47663,0.27331,-0.58224
-0.13841,0.96706,-0.21359,0.20456,0.63149,-0.47072
-0.13353,0.95658,-0.25905,0.04129,0.11583,-0.47231
-0.13896,0.93584,-0.32387,-0.07292,0.14111,-0.15668
-0.15324,0.90547,-0.39576,-0.03029,0.29756,0.20272
-0.16567,0.86919,-0.46589,0.36041,0.30169,1.15917
-0.17073,0.83909,-0.5165,0.7247,0.51422,1.44325
-0.16583,0.83004,-0.53247,0.3146,0.64481,0.76518
-0.12106,0.82282,-0.55525,-0.04909,0.93969,-0.2513
-0.10629,0.80455,-0.58429,-0.1729,0.78862,-0.01743
-0.11634,0.78814,-0.6044,-0.59623,0.0355,0.90048
-0.11959,0.78105,-0.61291,-0.3675,-0.11319,0.83187
-0.12326,0.78145,-0.61167,-0.20984,-0.36182,0.82454
-0.12584,0.79013,-0.59988,-0.12726,-0.39896,0.77423
-0.12928,0.80365,-0.58089,-0.03725,-0.36825,0.68067
-0.13334,0.82009,-0.55648,-0.0993,-0.37521,0.47658
-0.14115,0.84103,-0.52224,-0.17707,-0.3239,0.30111
-0.15467,0.86329,-0.48041,-0.10425,0.29883,-0.67123
-0.17938,0.88492,-0.4298,0.66798,0.46774,-0.40903
-0.20144,0.89934,-0.38807,0.69004,0.45332,-0.45077
-0.20513,0.90053,-0.38335,0.55865,0.68625,-1.3
-0.20286,0.89505,-0.39715,0.14524,0.0048,-0.23293
-0.20349,0.88974,-0.4086,0.11741,-0.19761,-0.02309
-0.21307,0.88081,-0.4228,0.09937,-0.33902,-1.06026
-0.2342,0.87375,-0.42627,-0.27461,0.84039,2.53999
-0.23592,0.87092,-0.43108,-0.57956,1.11891,1.27698
-0.24217,0.87959,-0.40947,-0.27742,0.31902,1.58052
-0.23144,0.88088,-0.41288,0.01001,0.95017,0.9249
-0.21546,0.87951,-0.4243,0.06049,0.79473,0.71283
-0.22231,0.88416,-0.4109,0.16962,0.60463,0.53817
-0.24672,0.89404,-0.3739,0.18688,0.7155,0.82396
-0.26729,0.9011,-0.34143,0.23991,0.639,0.80201
-0.27739,0.90869,-0.31197,0.33585,0.2509,0.63138
-0.27701,0.92054,-0.27542,0.24192,0.17438,0.48246
-0.26836,0.93551,-0.22977,0.13617,0.1625,0.37775
-0.25603,0.94934,-0.18219,-0.0029,-0.0364,0.19499
-0.24388,0.96008,-0.13694,-0.06953,-0.21075,0.0843
-0.23711,0.96674,-0.09578,-0.08633,-0.28779,0.23439
-0.23455,0.97036,-0.058,-0.0085,-0.32499,0.30475
-0.2379,0.97099,-0.02376,0.1072,-0.39073,0.08168
-0.24842,0.96858,0.01121,0.29087,-0.19145,-0.40241
-0.26384,0.96361,0.04276,0.41045,0.05561,-0.49885
-0.27837,0.95839,0.06314,0.35227,0.17758,-0.08784
-0.28943,0.95358,0.08302,0.30993,0.35963,-0.08645
-0.29526,0.94916,0.10906,0.2966,0.41764,-0.42194
-0.29885,0.94624,0.12373,0.14848,0.30073,-0.49416
-0.30741,0.94526,0.1094,0.20834,0.2924,-0.25584
-0.31901,0.94353,0.08929,0.29989,0.26369,-0.13543
-0.33301,0.94012,0.07253,0.45498,0.41129,-0.10083
-0.34914,0.93574,0.04974,0.78739,0.80525,-0.0756
-0.36757,0.92983,0.0174,1.02403,0.85513,-0.14182
-0.38219,0.92386,-0.02013,0.93024,0.51128,-0.37164
-0.38923,0.91861,-0.06811,0.78771,0.34198,-0.11689
-0.3926,0.91014,-0.13232,0.63102,0.2213,0.38876
-0.38291,0.90218,-0.19859,0.37619,0.70454,0.86102
-0.36168,0.89691,-0.25441,0.28834,0.80502,0.97405
-0.34222,0.89113,-0.29792,0.12788,0.62196,0.98385
-0.33048,0.88317,-0.33285,0.18529,0.30494,0.84274
-0.32096,0.87583,-0.36042,0.27818,0.22383,0.77993
-0.31707,0.87089,-0.37551,0.71011,0.14027,0.78094
-0.3194,0.87192,-0.37112,1.23519,0.13812,0.76404
-0.2931,0.88123,-0.37084,1.26832,0.15886,0.88959
-0.24542,0.89007,-0.38411,0.84155,0.33685,0.82854
-0.22287,0.8956,-0.38501,0.65144,0.35961,1.12526
-0.22328,0.89505,-0.38604,0.41937,0.20958,0.99837
-0.22994,0.89233,-0.38843,0.17077,-0.01029,0.8582
-0.24614,0.88901,-0.3861,-0.00071,-0.09292,0.89826
-0.26955,0.88632,-0.37653,-0.00404,-0.05932,0.97488
-0.29372,0.88558,-0.35983,-0.02909,-0.0238,1.00618
-0.31326,0.88738,-0.33827,-0.1406,-0.03951,1.00272
-0.32532,0.89213,-0.31348,-0.37926,-0.17219,0.87061
-0.33061,0.89977,-0.28477,-0.4535,-0.36096,0.58245
-0.33015,0.9102,-0.25006,-0.38748,-0.5562,0.27403
-0.32543,0.92213,-0.20918,-0.28941,-0.53857,0.13914
-0.31948,0.933,-0.16563,-0.16576,-0.47208,-0.10248
-0.31685,0.941,-0.11877,0.19354,0.49907,-0.99384
-0.31589,0.94278,-0.10665,0.94382,1.86966,-3.26646
-0.29716,0.94734,-0.11933,2.17577,0.62119,-0.82102
-0.26499,0.96075,-0.08206,1.05102,0.09576,1.38352
-0.26566,0.96128,-0.07318,-0.13211,0.67555,1.28507
-0.2851,0.95307,-0.10184,-0.63221,0.72923,0.79543
-0.29953,0.94016,-0.16237,-1.56719,0.21508,-2.4168
-0.31328,0.93795,-0.14861,-0.06934,-0.86691,1.25633
-0.32849,0.93227,-0.15151,0.4397,-0.91159,1.08504
-0.34429,0.92817,-0.14127,0.49988,-0.62546,0.9792
-0.349,0.93206,-0.09725,0.55037,0.74146,1.25129
-0.36563,0.92844,-0.06553,0.66356,1.17246,1.00946
-0.39024,0.91928,-0.05125,0.60832,0.54563,0.40781
-0.3982,0.91714,-0.01694,0.51853,0.0263,-0.26019
-0.38096,0.92205,0.06843,0.31317,-0.22913,-0.25446
-0.34695,0.92369,0.16252,0.01237,-0.09188,-0.04541
-0.32151,0.92404,0.2068,-0.11517,-0.1187,-0.09364
-0.30591,0.92331,0.23217,-0.14712,-0.17365,-0.12575
-0.299,0.91738,0.26266,-0.17321,-0.15592,-0.16136
-0.30156,0.90694,0.29413,0.05927,-0.09001,-0.06787
-0.31217,0.89528,0.31782,0.13232,-0.02022,-0.07441
-0.32299,0.88377,0.33855,0.23526,0.13747,-0.18033
-0.32588,0.86939,0.37142,0.43492,0.2787,-0.61665
-0.31453,0.85019,0.42217,0.63108,0.37471,-0.93973
-0.30134,0.83966,0.45183,0.42686,0.20087,-0.53974
-0.29806,0.83779,0.45744,0.31077,0.16952,-0.40861
-0.30146,0.83753,0.45569,0.07642,0.30961,-0.33864
-0.30847,0.838,0.45009,0.12938,0.27235,-0.4003
-0.31421,0.84152,0.43943,0.31543,0.3453,-0.35928
-0.31716,0.84596,0.42864,0.50038,0.49232,-0.37027
-0.31823,0.85361,0.41238,0.79205,0.86384,-0.4734
-0.3147,0.86899,0.38185,0.88492,1.07001,-0.54652
-0.30452,0.88943,0.34082,0.56142,0.74802,-0.73845
-0.2844,0.91404,0.28919,0.21738,0.27866,-0.57146
-0.26496,0.9373,0.22636,0.14918,0.20175,0.02254
-0.25339,0.95445,0.15753,0.03741,0.36747,0.53554
-0.24835,0.96436,0.09123,-0.02174,0.47084,0.81058
-0.25049,0.96778,0.02548,-0.19112,0.33313,0.79324
-0.2539,0.966,-0.04857,-0.08406,0.05389,0.42375
-0.24325,0.96452,-0.10252,0.26069,0.05717,0.00329
-0.22619,0.96935,-0.09584,0.75068,0.19102,-0.07832
-0.19727,0.97346,-0.11601,0.21914,0.19053,0.22151
-0.17041,0.97247,-0.15893,-0.01034,0.03263,0.39594
-0.15068,0.9689,-0.19626,-0.11987,-0.20262,0.59295
-0.13637,0.96445,-0.22634,-0.12561,-0.34809,0.47448
-0.13042,0.95952,-0.24958,-0.07002,-0.41819,0.4282
-0.12903,0.9554,-0.26562,-0.09348,-0.55304,0.36636
-0.12891,0.95412,-0.27024,-0.10987,-0.63686,0.35002
-0.1304,0.95661,-0.26056,-0.09967,-0.62824,0.30412
-0.13517,0.96179,-0.23808,-0.03942,-0.68377,0.23016
-0.14532,0.96791,-0.20501,-0.0041,-0.6967,0.14354
-0.16283,0.97322,-0.1622,-0.03782,-0.60067,0.05045
-0.18618,0.97675,-0.10619,-4e-05,-0.29481,-0.04768
-0.20303,0.97833,-0.04042,0.21838,-0.16989,-0.10547
-0.20086,0.97952,0.0137,0.47185,-0.03857,-0.34192
-0.19155,0.98078,0.03704,0.49843,0.11009,-0.60606
-0.19379,0.97954,0.0541,0.35471,0.08203,-0.55071
-0.19605,0.97747,0.07805,0.34548,0.14611,-0.44053
-0.19652,0.97479,0.10558,0.25066,0.06888,-0.45238
-0.19435,0.97167,0.1344,0.06537,0.08126,-0.54561
-0.18881,0.96907,0.1589,-0.12647,0.1892,-0.7183
-0.18398,0.96623,0.18038,-0.26072,0.95976,0.23727
-0.18637,0.96109,0.20388,-0.26535,0.85961,0.56787
-0.18868,0.95947,0.20931,-0.0899,-0.04537,0.30485
-0.19219,0.95937,0.20654,-0.03458,-0.23935,-0.17177
-0.19482,0.95904,0.20562,-0.08261,0.10296,-0.54778
-0.19639,0.95966,0.20115,0.29841,1.32979,-0.37975
-0.19655,0.96224,0.18829,0.28945,1.1239,-0.14648
-0.1908,0.9642,0.18414,0.02327,0.5816,0.35498
-0.18752,0.96508,0.18287,0.07219,-0.14329,0.24172
-0.19027,0.96478,0.18163,0.0888,-0.35557,0.43865
-0.19617,0.96266,0.1865,0.11283,-0.31349,0.49586
-0.20719,0.95769,0.19972,0.15656,0.05826,0.02435
-0.21723,0.95078,0.22094,0.20047,0.20637,-1.09485
-0.21246,0.9344,0.28593,0.30557,0.12231,-1.5212
-0.21048,0.92829,0.30653,0.19445,-0.08204,-0.68961
-0.22607,0.9297,0.29074,0.20372,-0.00632,-0.56694
-0.23228,0.9272,0.29383,0.20578,-0.0621,-0.4999
-0.23462,0.9258,0.29637,0.24169,-0.2885,-0.52556
-0.2407,0.92704,0.28748,0.20062,-0.3429,-0.59193
-0.24686,0.93048,0.27065,-0.00863,-0.29689,-0.46413
-0.24845,0.93434,0.25546,0.20704,-0.13448,-0.24433
-0.2501,0.94029,0.23083,0.40385,-0.0853,-0.36811
-0.2511,0.94756,0.19765,0.49679,-0.02443,-0.45072
-0.25018,0.95616,0.15219,0.64703,0.22297,-0.83355
-0.23968,0.96643,0.09246,0.61357,0.48088,-1.02485
-0.21833,0.97549,0.02709,0.39374,0.67848,-0.70132
-0.1943,0.97962,-0.05072,0.16885,0.8829,0.16728
-0.17534,0.9765,-0.12528,0.13657,0.72141,0.5203
-0.15319,0.9708,-0.1846,0.16349,0.36369,0.96907
-0.12023,0.9675,-0.22245,0.16988,0.21976,-0.02679
-0.07459,0.966,-0.24754,0.12284,0.44999,-0.18389
-0.04031,0.96217,-0.26944,-0.3304,0.3881,0.16721
-0.02028,0.95797,-0.28614,-0.74893,-0.13332,0.28385
-0.00419,0.95799,-0.28677,-0.59163,-0.50655,0.2189
0.00119,0.96372,-0.26691,-0.4671,-0.6332,0.25797
-0.00601,0.97295,-0.23094,-0.18757,-0.59563,0.30783
-0.02561,0.98256,-0.18413,-0.1588,-0.54166,0.29825
-0.05369,0.9898,-0.13195,-0.21245,-0.35483,0.18609
-0.09143,0.99296,-0.07528,-0.17841,-0.1363,-0.01037
-0.13207,0.99112,-0.01481,-0.02429,0.26695,-0.0672
-0.16101,0.98574,0.04872,0.29051,0.25245,-0.06346
-0.17835,0.97784,0.10957,0.5559,0.16121,-0.88172
-0.18715,0.97045,0.15225,0.60924,0.0196,-1.20137
-0.18227,0.96503,0.18835,0.69704,-0.22017,-1.11355
-0.16939,0.96083,0.21929,0.76993,-0.74094,-0.61495
-0.1652,0.95989,0.22649,0.52805,-0.89596,-0.67117
-0.15856,0.96289,0.21836,-0.10835,0.12282,0.15069
-0.1627,0.9627,0.21615,-0.30454,0.96934,0.30455
-0.1668,0.95988,0.22537,-0.30414,0.85209,-0.24261
-0.16117,0.95441,0.25121,0.04567,1.53962,-1.15761
-0.1666,0.95947,0.22728,0.35195,1.92361,-1.53233
-0.16495,0.96916,0.18304,-0.1952,-0.48999,0.6266
-0.14752,0.97652,0.15696,0.00279,-0.71387,0.39875
-0.14021,0.98127,0.13204,0.05201,-0.65631,0.37946
-0.14826,0.98164,0.11995,-0.00308,-0.37935,0.36888
-0.15821,0.97811,0.13512,0.07653,0.03787,0.0787
-0.16483,0.97464,0.15133,1.31275,0.83705,-1.81303
-0.16097,0.97844,0.12932,0.19093,0.31228,-1.74354
-0.1439,0.98464,0.09881,-0.2781,0.17562,-0.79209
-0.12934,0.99081,0.0394,-0.15112,-0.09207,-0.49317
-0.10873,0.99385,-0.02076,0.25324,0.1057,-0.21521
-0.08938,0.99172,-0.09221,0.5185,0.1776,0.19484
-0.06741,0.98618,-0.15132,0.85233,0.5605,0.74471
-0.04029,0.97958,-0.19696,0.61196,0.51729,0.88739
-0.00994,0.97259,-0.23229,-0.19344,0.09913,0.75242
0.02302,0.96671,-0.25481,-0.91484,-0.09392,0.12907
0.04141,0.96266,-0.2675,-1.16725,-0.01959,-0.03624
0.05349,0.9644,-0.25897,-0.49489,-0.19714,0.11336
0.05413,0.97288,-0.22487,-0.15829,-0.24389,0.04829
0.03624,0.98453,-0.17141,-0.03858,-0.21869,0.04812
0.00055,0.99372,-0.11183,0.08923,-0.07868,0.05229
-0.04456,0.99681,-0.06607,0.14535,0.17695,-0.17043
-0.08823,0.99572,-0.02722,0.25197,0.18738,-0.23153
-0.12787,0.99155,0.02166,0.38365,-0.04387,-0.27088
-0.16165,0.9834,0.08232,0.33306,-0.06566,-0.32065
-0.17805,0.97257,0.14962,0.36002,0.1514,-0.30473
-0.17942,0.96337,0.19928,0.35289,0.2837,-0.59842
-0.17952,0.95985,0.21552,0.34175,0.0035,-1.06417
-0.18176,0.96036,0.21132,0.41838,-0.57883,-0.98967
-0.18326,0.9591,0.21568,0.29963,-0.89889,0.07619
-0.18214,0.96043,0.21067,0.0943,-0.92077,0.43877
-0.18414,0.96175,0.20276,-0.19203,0.20326,0.30194
-0.19383,0.9565,0.21799,-0.25394,0.98823,-0.18738
-0.18976,0.95235,0.23874,0.50486,0.4206,-1.18135
-0.18065,0.955,0.23521,-0.0838,0.38226,0.18998
-0.1813,0.95535,0.23329,-0.13712,3.12658,-1.83852
-0.18653,0.95859,0.21516,-0.21904,-0.18702,0.47912
-0.18136,0.96413,0.19377,0.21665,-0.70241,0.13625
-0.16576,0.96703,0.19328,0.26227,-0.60386,0.21072
-0.16732,0.9662,0.19606,0.16689,-0.06627,0.02693
-0.19025,0.96612,0.17437,0.70327,0.39303,-1.33838
-0.19581,0.96883,0.1517,0.85844,0.27339,-1.39413
-0.18207,0.97645,0.11568,0.39112,0.25884,-1.79756
-0.15798,0.98575,0.05765,-0.22707,0.04365,-0.49689
-0.13082,0.99125,-0.01692,-0.28501,0.0557,-0.27737
-0.1022,0.99028,-0.0943,0.12837,0.08066,0.07189
-0.07988,0.98292,-0.16574,0.64042,0.05034,1.21703
-0.04985,0.97531,-0.21512,0.82376,0.10942,1.1247
-0.01927,0.96849,-0.24828,-0.02846,0.33058,-0.06749
-0.00589,0.96012,-0.27951,-0.69035,0.38787,-0.14583
-0.00703,0.95327,-0.30202,-0.77458,0.11896,0.47485
-0.01234,0.95195,-0.30599,-0.57093,-0.27859,0.43363
-0.02608,0.95823,-0.28479,-0.37935,-0.56217,0.4059
-0.04803,0.96899,-0.24237,-0.23634,-0.45272,0.25912
-0.08301,0.97798,-0.19143,-0.03407,-0.16678,-0.00582
-0.12481,0.98231,-0.13956,0.2326,-0.00483,-0.02929
-0.15827,0.98397,-0.08208,0.35312,0.01356,0.09613
-0.18213,0.98322,-0.00998,0.38161,0.36818,-0.1248
-0.19968,0.97672,0.07828,0.29653,0.29116,-0.64502
-0.20457,0.96598,0.15816,0.33746,0.19445,-0.76902
-0.20129,0.95768,0.20569,0.47273,-0.0323,-0.95109
-0.19887,0.95372,0.2255,0.61066,-0.44772,-0.91332
-0.19595,0.95465,0.22412,0.3765,-0.62568,-0.53355
-0.18504,0.96019,0.20925,-0.17112,-0.25901,0.48132
-0.19248,0.96027,0.20203,-0.27128,0.15143,0.11012
-0.19661,0.95529,0.22078,-0.48,0.59996,-0.22432
-0.19189,0.95118,0.24171,0.43439,1.73852,-1.61224
-0.19479,0.95891,0.20622,0.88606,2.68248,-2.8276
-0.18743,0.9689,0.1615,-0.29732,-0.09952,0.4518
-0.17208,0.97508,0.13994,0.07665,-0.53679,0.43126
-0.17157,0.9789,0.11089,0.20946,-0.54111,0.38541
-0.18645,0.97821,0.09127,0.26915,-0.25218,0.28883
-0.19574,0.9725,0.12611,0.79994,0.74209,-0.75368
-0.19338,0.97357,0.12145,0.60956,0.23631,-1.04415
-0.18134,0.97885,0.09461,0.28299,0.05707,-1.47805
-0.15865,0.98633,0.04442,0.25681,0.36385,-1.09742
-0.13275,0.9909,-0.02205,0.33524,0.52369,-0.31878
-0.11263,0.98862,-0.09966,0.36112,0.38432,0.21327
-0.10019,0.97994,-0.17226,0.57517,0.11835,1.06615
-0.0876,0.97062,-0.2241,0.54419,-0.08658,1.34061
-0.06391,0.9626,-0.26326,-0.1954,-0.2314,0.59643
-0.04448,0.95341,-0.29835,-0.69782,0.05727,0.05924
-0.02919,0.94709,-0.31962,-0.67578,0.36846,0.39836
-0.01106,0.94594,-0.32415,-0.62428,-0.12935,0.29384
0.00358,0.95076,-0.30989,-0.47253,-0.35469,0.21878
0.00561,0.96092,-0.27676,-0.11908,-0.20588,0.2461
-0.00946,0.97367,-0.22776,-0.03161,-0.11559,0.18766
-0.04363,0.98415,-0.17186,-0.0314,0.09912,0.02592
-0.08681,0.98935,-0.11677,0.02121,0.31752,-0.22118
-0.1241,0.99058,-0.0578,0.16176,0.14838,-0.36303
-0.15403,0.988,0.01047,0.29396,0.02321,-0.28351
-0.17513,0.98154,0.07677,0.3325,-0.09485,-0.3512
-0.18332,0.97432,0.13067,0.32425,0.10093,-0.5382
-0.17572,0.9695,0.17083,0.2989,0.18211,-0.75569
-0.1606,0.96956,0.18476,0.30156,-0.29274,-1.22289
-0.1522,0.96775,0.2007,0.2441,-0.88889,-0.23087
-0.15215,0.96901,0.19455,-0.13427,-1.18167,0.50746
-0.15264,0.97062,0.18597,-0.22684,-0.93389,0.14514
-0.15957,0.96447,0.21049,-0.39562,0.81939,-0.56249
-0.1732,0.95904,0.22413,0.18142,1.86636,-0.81791
-0.17681,0.96105,0.2124,0.62938,1.18783,-0.60016
-0.1749,0.96463,0.19718,0.52274,2.32092,-1.4268
-0.16553,0.97249,0.16384,-0.16504,0.26057,0.47697
-0.15449,0.97889,0.13375,0.04182,-0.63557,0.29575
-0.14764,0.98175,0.11981,0.11472,-0.62137,0.37652
-0.15911,0.98025,0.11736,0.08747,-0.0401,0.26148
-0.17544,0.97574,0.13092,0.10495,0.13082,0.04297
-0.18396,0.96926,0.16333,0.86029,0.53397,-1.46736
-0.17836,0.97402,0.13947,-0.10164,0.07365,-1.1505
-0.16331,0.97835,0.12705,-0.24698,-0.19402,-0.49162
-0.15488,0.98395,0.08851,-0.18498,-0.28377,-0.46906
-0.14385,0.98888,0.03761,0.36144,0.05629,-0.73322
-0.11749,0.99272,-0.02639,0.57486,0.46137,-0.70371
-0.0857,0.99132,-0.09961,0.71042,0.76069,-0.22094
-0.05731,0.98358,-0.17108,0.37042,0.31818,0.75528
-0.02508,0.97298,-0.22948,0.135,0.15133,0.60419
0.00155,0.96201,-0.273,-0.0426,0.02324,0.27152
0.01832,0.95274,-0.30322,-0.54483,0.56853,0.07556
0.03796,0.94668,-0.31993,-0.59977,0.2899,-0.07697
0.04995,0.94441,-0.32493,-0.62204,0.00628,-0.03163
0.05399,0.94752,-0.31508,-0.4467,-0.46956,0.08025
0.04805,0.95652,-0.28767,-0.19145,-0.52936,0.1584
0.03033,0.96781,-0.24981,-0.02375,-0.40547,0.12155
-0.00216,0.97665,-0.21479,0.0021,0.23888,0.06594
-0.04561,0.98279,-0.179,-0.07599,-0.08034,0.03273
-0.08788,0.98679,-0.13608,0.00796,-0.31532,0.07698
-0.11949,0.98912,-0.08569,0.18227,-0.43567,0.17207
-0.14486,0.98895,-0.03124,0.18521,-0.45201,0.09607
-0.1682,0.98539,0.02665,0.20806,-0.07329,-0.10008
-0.18547,0.97827,0.09256,0.29,0.46855,-0.01682
-0.19026,0.96966,0.15346,0.5117,0.98791,-0.52946
-0.18433,0.97021,0.15714,0.83693,0.22635,-2.0161
-0.17067,0.9704,0.1708,0.30229,-0.83538,-0.63132
-0.15728,0.97135,0.17815,-0.10453,-1.26337,0.58293
-0.15279,0.9736,0.16952,-0.14821,-1.23312,0.26693
-0.1482,0.97019,0.19172,-0.4638,-1.30066,-0.92595
-0.12072,0.96138,0.2473,0.00623,-0.25974,0.12639
-0.1415,0.96085,0.23819,0.28927,2.82788,-0.15163
-0.16526,0.95672,0.2395,0.61245,0.65269,-0.71191
-0.16457,0.95574,0.24386,0.23401,1.32912,-0.28599
-0.17009,0.95832,0.22952,0.32808,2.20147,-2.36736
-0.17018,0.96773,0.18578,-0.21893,-0.61628,0.88251
-0.16924,0.97309,0.15634,0.02137,-0.80336,0.26758
-0.17037,0.97635,0.13301,0.12219,-0.73896,0.19225
-0.17911,0.97505,0.1311,0.2155,-0.39443,0.07824
-0.18684,0.96913,0.16083,0.98512,0.58091,-1.22268
-0.18778,0.97089,0.14866,0.71959,0.35562,-0.92634
-0.18195,0.97598,0.11976,0.18744,0.13423,-0.84495
-0.17233,0.98226,0.07382,-0.02661,0.17449,-0.95661
-0.15637,0.98769,0.00057,0.0299,0.16033,-0.7494
-0.13706,0.98767,-0.0756,0.29642,0.37305,0.00466
-0.12129,0.98227,-0.14287,0.34305,0.30961,0.46679
-0.10865,0.97426,-0.1975,0.73592,-0.03502,0.93969
-0.08977,0.96683,-0.2391,0.35968,-0.16097,0.29467
-0.07387,0.96021,-0.2693,-0.32439,0.27277,0.09131
-0.06189,0.95482,-0.29066,-0.69089,0.3466,0.22483
-0.04741,0.95309,-0.29893,-0.42147,-0.11393,0.18306
-0.0281,0.9581,-0.28502,-0.0726,-0.32584,0.04329
-0.01678,0.96849,-0.24846,0.15773,-0.39343,0.07641
-0.02235,0.9801,-0.19723,0.07103,-0.0909,0.11961
-0.04762,0.98902,-0.13986,-0.00139,0.00237,0.06222
-0.083,0.99353,-0.07747,-0.05291,0.04146,-0.00614
-0.12145,0.99256,-0.00821,-0.06474,0.18977,-0.09761
-0.16168,0.98471,0.06466,0.13486,0.2863,-0.24273
-0.19315,0.97197,0.13401,0.2829,0.27372,-0.4324
-0.20848,0.95808,0.19648,0.54979,0.14873,-0.74755
-0.20814,0.9508,0.22945,0.52475,-0.31534,-0.98293
-0.20011,0.94799,0.24748,0.4457,-0.60923,-1.00232
-0.19422,0.94232,0.27258,0.32973,-1.0677,0.001
-0.1931,0.93968,0.28231,0.20787,-1.19256,0.14712
-0.19604,0.93528,0.29462,0.12341,-1.18989,0.17421
-0.20228,0.9249,0.32191,-0.10255,1.19641,0.21104
-0.20875,0.91344,0.34932,-0.23893,2.93298,-1.03217
-0.17949,0.90774,0.37918,0.08713,0.41685,-0.73928
-0.18749,0.91056,0.36838,0.33348,-0.46001,-0.04428
-0.21376,0.90863,0.35871,-0.09576,1.62549,-0.32354
-0.21632,0.89837,0.38226,-0.02947,0.99304,-1.09504
-0.22261,0.89082,0.39606,0.63775,0.14659,-0.54919
-0.24903,0.88291,0.39804,0.8454,0.05772,-0.07962
-0.25774,0.87169,0.41679,1.20426,0.05361,-0.18529
-0.25552,0.85476,0.45174,1.45733,0.37856,-0.8633
-0.25133,0.8526,0.45812,0.18323,0.07853,-0.98072
-0.2399,0.86332,0.44396,-0.216,0.15476,-0.86736
-0.24733,0.87499,0.41618,-0.65715,0.18547,-1.31932
-0.24874,0.89556,0.36888,0.51704,0.58009,-0.71629
-0.24362,0.91832,0.31196,0.66749,0.44046,-0.37412
-0.22249,0.94289,0.24786,0.73944,0.61032,0.31368
-0.18984,0.96569,0.17717,0.7015,1.46186,0.39937
-0.14948,0.98328,0.1039,0.61141,1.72705,0.3186
-0.11052,0.99251,0.05181,0.41275,1.52291,0.16874
-0.08012,0.99642,0.02666,0.13295,0.86003,0.05958
-0.04354,0.99904,0.00251,-0.00156,0.76999,0.10477
-0.00047,0.99964,-0.02668,0.06035,0.61,0.5517
0.02621,0.9969,-0.07405,0.00102,0.21472,0.88269
0.04654,0.99233,-0.11449,0.01309,0.0914,0.7878
0.06892,0.98806,-0.13778,0.04896,-0.33004,0.51427
0.0803,0.98486,-0.15357,-0.11599,-0.74942,0.65299
0.07984,0.98337,-0.16307,-0.20368,-0.92638,0.70656
0.07255,0.98359,-0.16518,-0.31801,-1.08678,0.72293
0.06325,0.98606,-0.15388,-0.35283,-1.08997,0.6472
0.05191,0.99037,-0.12829,-0.41985,-1.03711,0.6348
0.04239,0.99504,-0.08994,-0.90385,-0.16934,-0.35122
0.03045,0.99702,-0.07071,-0.85588,1.22212,-2.15048
0.02152,0.99445,-0.10295,-0.5725,0.96791,-1.89534
0.02135,0.99198,-0.1245,-0.02249,0.00864,-0.48396
0.02037,0.98673,-0.16103,-0.02079,0.0704,-0.60902
0.02749,0.97867,-0.20354,-0.08592,0.00636,-1.36542
0.03968,0.98031,-0.19341,1.4154,-0.77012,3.56984
0.06221,0.98083,-0.18464,-0.10106,-0.16494,1.74987
0.0736,0.98309,-0.16763,-0.61839,0.52295,1.16619
0.05036,0.99217,-0.1142,-0.63274,1.13101,-0.25059
0.05617,0.99181,-0.11464,-0.01358,0.54646,0.70643
0.04928,0.9903,-0.12985,0.02225,0.08175,0.60147
0.03995,0.98971,-0.13737,0.22249,0.32241,0.66984
0.03401,0.99088,-0.1303,0.38068,0.53029,0.78319
0.02962,0.99378,-0.10727,0.40794,0.44581,0.76038
0.03093,0.99665,-0.07563,0.04156,-0.06208,0.33434
0.04703,0.99841,-0.03083,-0.07227,-0.1058,0.16541
0.07352,0.99681,0.03074,-0.27498,-0.02616,-0.06867
0.09833,0.99035,0.09759,-0.64233,-0.05248,-0.58388
0.10858,0.98548,0.13048,-0.7222,-0.1764,-0.27225
0.11141,0.98193,0.15289,-0.35508,-0.22049,-0.19608
0.10335,0.97748,0.18392,-0.0309,-0.17002,-0.15857
0.09289,0.97111,0.21978,0.11409,-0.03016,-0.13929
0.08705,0.96171,0.25984,0.08016,0.04159,-0.27608
0.08132,0.95111,0.29793,-0.01019,-0.10292,-0.25203
0.07185,0.94349,0.32349,-0.04727,-0.08439,-0.16907
0.06235,0.93744,0.34248,-0.07653,0.18516,-0.14718
0.05746,0.93217,0.35741,-0.00501,0.32175,-0.25659
0.06449,0.92543,0.37337,0.12632,0.34735,-0.56735
0.08247,0.91312,0.39924,0.09705,0.47855,-1.6344
0.07959,0.91365,0.3986,-0.11232,0.28439,-0.77036
0.05449,0.92109,0.3855,0.01013,0.37998,-0.08443
0.03084,0.93002,0.36618,0.07241,0.61016,-0.07097
0.02001,0.94162,0.33605,0.36665,0.84007,-0.2952
0.01682,0.95646,0.29134,0.97962,0.73264,-0.94208
0.01474,0.97373,0.2272,1.01382,0.57927,-0.7987
0.01746,0.98894,0.14721,0.62028,0.16055,-0.0777
0.02586,0.99785,0.0601,0.51945,0.12395,0.28429
0.0384,0.99891,-0.02637,0.2602,0.39459,1.03851
0.05077,0.99282,-0.10822,-0.04235,0.81553,1.13511
0.0639,0.98085,-0.18397,-0.13003,0.96299,1.12871
0.0763,0.96721,-0.24223,-0.11828,0.80203,0.65119
0.08081,0.95717,-0.27799,0.19313,0.22763,0.24193
0.07435,0.95276,-0.29447,0.31836,0.17171,0.48221
0.08054,0.94334,-0.32189,0.43933,0.00977,0.76165
0.1042,0.92629,-0.36212,0.35038,0.11581,0.7898
0.12293,0.91048,-0.39485,0.1551,0.0603,0.87812
0.12819,0.89493,-0.42738,0.04509,0.03266,0.93167
0.11872,0.88039,-0.45915,-0.26826,-0.08362,1.03678
0.09178,0.86882,-0.48654,-0.31524,-0.16035,1.10672
0.05904,0.86043,-0.50614,-0.36699,-0.24696,1.16123
0.03009,0.85612,-0.51589,-0.52014,-0.31828,1.03874
0.00348,0.85551,-0.51777,-0.57153,-0.4625,0.96017
-0.01563,0.86102,-0.50832,-0.66459,-0.57179,0.82857
-0.02417,0.87465,-0.48414,-0.66316,-0.42838,0.67277
-0.02744,0.89476,-0.44569,-0.67807,0.00663,0.19659
-0.02693,0.90809,-0.41789,-0.36858,0.80117,-0.48097
-0.01813,0.90879,-0.41685,-0.42092,0.5926,-1.26037
-0.00876,0.90204,-0.43155,0.11145,0.61952,-1.06766
0.01538,0.89175,-0.45226,0.5828,0.27936,-1.02504
0.02595,0.89809,-0.43904,1.04763,0.55525,-0.18068
0.01879,0.91618,-0.40031,0.19207,0.25822,2.08713
0.04064,0.9083,-0.41633,-0.39508,0.37463,1.39944
0.0411,0.89253,-0.4491,-1.36523,-0.07289,-1.24381
-0.0012,0.90138,-0.43302,-0.91057,-0.52836,0.88848
-0.01588,0.91273,-0.40824,-0.38637,-0.30385,1.27518
-0.01177,0.92322,-0.38408,-0.28232,-0.16687,1.02311
-0.0058,0.93751,-0.3479,-0.07077,0.17489,0.82209
-0.00667,0.95285,-0.30337,0.07405,0.26545,0.77332
-0.02048,0.96409,-0.26477,0.35265,0.42803,0.78047
-0.04237,0.97013,-0.23882,0.60099,0.30001,0.38874
-0.05929,0.97409,-0.21822,0.65803,0.17735,0.03594
-0.06091,0.9792,-0.19351,0.2203,-0.00197,-0.12371
-0.04987,0.98407,-0.17061,-0.00894,-0.04565,0.27051
-0.03274,0.98738,-0.15491,-0.09748,-0.08337,0.26839
-0.01128,0.99061,-0.13618,-0.23423,-0.22316,0.14053
0.00806,0.99296,-0.11813,-0.49071,0.02329,-0.65522
0.02489,0.99207,-0.12316,-0.23983,0.1297,-0.94243
0.03778,0.98696,-0.1564,0.18392,0.25342,-1.11807
0.04932,0.98026,-0.19145,0.2939,-0.27997,-0.35149
0.066,0.97358,-0.21858,0.02558,-0.4153,0.37625
0.07857,0.96639,-0.24474,-0.22182,-0.68305,0.75414
0.08534,0.9607,-0.26412,-0.22775,-0.64344,0.63973
0.07853,0.96017,-0.26815,-0.30421,-0.39945,0.40939
0.06436,0.96283,-0.26231,-0.06724,0.24663,-1.01697
0.0622,0.96102,-0.26936,-0.05925,0.16164,0.20433
0.08301,0.95895,-0.27116,0.03827,0.00504,0.25973
0.10707,0.95324,-0.28259,0.37038,0.25228,-0.65598
0.13193,0.94029,-0.31376,0.42906,0.33961,-0.4063
0.15604,0.92049,-0.35824,0.43728,0.51099,-0.1505
0.16355,0.88483,-0.43625,0.34567,1.21804,-0.10179
0.15437,0.8413,-0.51804,0.23777,1.18531,0.55001
0.14721,0.79859,-0.58359,-0.04737,0.76986,1.6102
0.14949,0.76282,-0.62909,-0.34788,0.04693,1.01399
0.17949,0.73661,-0.65206,-0.83446,0.34597,0.1693
0.2036,0.72091,-0.66244,-0.74179,0.74196,0.25741
0.2123,0.71262,-0.66865,-0.58326,0.22376,0.60696
0.21206,0.71501,-0.66617,-0.6143,-0.1913,0.69293
0.20868,0.73244,-0.64806,-0.56274,-0.28458,0.72319
0.20556,0.76168,-0.61448,-0.28631,-0.26626,0.78455
0.1979,0.79688,-0.5708,-0.35819,-0.04059,0.71831
0.18155,0.83443,-0.52035,-0.41436,-0.01872,0.56759
0.15205,0.87162,-0.46599,-0.33136,0.41968,0.11605
0.11135,0.90465,-0.41134,-0.13908,0.29228,0.1549
0.07131,0.9309,-0.35822,0.11355,0.19272,0.16409
0.03864,0.94795,-0.31604,0.29136,0.17869,-0.3497
0.03128,0.95718,-0.28779,0.4046,-0.04128,-0.27841
0.04771,0.96199,-0.26886,0.27409,-0.43427,-0.23633
0.06784,0.96558,-0.2511,-0.00643,-0.90138,-0.04186
0.08055,0.96785,-0.23825,-0.29924,-1.2164,0.21354
0.0861,0.96952,-0.22937,-0.36683,-1.12546,-0.15284
0.06788,0.97789,-0.19775,-0.38729,0.45469,0.07186
0.02061,0.98247,-0.18527,-0.26455,1.99223,1.09562
0.00181,0.98006,-0.19869,0.53319,0.7052,-0.38713
0.01188,0.98146,-0.19127,0.30344,2.32698,-1.334
0.04374,0.9803,-0.1926,0.11155,2.81372,-1.46723
0.08647,0.97287,-0.21457,-0.57936,-0.33551,1.08385
0.11112,0.96613,-0.23287,-0.25901,-0.80518,0.47215
0.11568,0.95912,-0.25827,-0.35026,-0.36985,0.42421
0.09604,0.95636,-0.27592,-0.52686,-0.28722,-0.12878
0.06402,0.95852,-0.27771,0.04514,0.31711,-0.93154
0.07024,0.95432,-0.2904,0.42084,0.1459,0.0908
0.09826,0.94742,-0.30452,0.49827,0.19376,-0.4763
0.12807,0.93115,-0.3414,-0.22833,0.11409,-0.75827
0.13942,0.90618,-0.39924,-0.41559,0.28013,0.09317
0.14452,0.87453,-0.46292,-0.0901,0.37731,0.33682
0.13541,0.83886,-0.52723,0.67334,0.32362,1.21998
0.12462,0.80433,-0.58096,0.68128,0.22123,1.30267
0.12712,0.77524,-0.61874,-0.14294,0.21034,0.71761
0.15347,0.75602,-0.6363,-0.81671,0.79469,0.32043
0.18215,0.74174,-0.64548,-1.0361,1.02242,0.3046
0.20782,0.73557,-0.64478,-0.98216,0.02961,0.43265
0.235,0.74398,-0.62551,-0.67796,-0.30078,0.58626
0.24908,0.76673,-0.59167,-0.38183,-0.41056,0.64941
0.24525,0.80031,-0.54714,-0.23647,-0.23408,0.61
0.22601,0.83844,-0.49592,-0.37418,0.05436,0.56124
0.19271,0.87738,-0.43939,-0.43058,0.35964,0.32971
0.15299,0.90636,-0.39382,-0.05346,0.28913,0.18891
0.10954,0.93193,-0.34569,0.51205,0.03717,0.13321
0.06091,0.95611,-0.28658,0.60461,-0.00372,0.01233
0.0319,0.9744,-0.22254,0.62104,0.13834,-0.24354
0.04369,0.98041,-0.19201,0.78121,-0.13593,-1.11955
0.06932,0.98101,-0.18111,0.8243,-0.61016,-0.69389
0.09501,0.97843,-0.18339,0.51272,-0.8749,-0.23599
0.11307,0.97202,-0.20589,-0.56235,-0.86446,0.98205
0.12084,0.96862,-0.21718,-0.94304,0.89367,0.18233
0.07896,0.97579,-0.20394,-1.20534,1.93785,-0.25233
0.04285,0.97549,-0.21582,-0.04268,0.16145,-0.2036
0.032,0.9684,-0.24733,0.13704,2.58658,-1.21974
0.04071,0.96456,-0.26069,-0.32521,0.97464,0.94782
0.06276,0.95993,-0.27312,-0.03191,-0.48245,0.97664
0.06788,0.95465,-0.28989,0.10278,-0.42837,0.6745
0.05697,0.95028,-0.30611,0.10941,-0.19032,0.63428
0.03776,0.95306,-0.30039,0.04986,0.50006,-0.55477
0.05692,0.95693,-0.28466,0.43945,0.29174,-0.67546
0.09488,0.95272,-0.28863,0.27919,0.15116,-0.73453
0.12323,0.94013,-0.31775,-0.26794,0.14097,-0.60689
0.13931,0.9166,-0.37474,-0.55246,0.33674,-0.47413
0.15834,0.88491,-0.43802,-0.72976,0.50358,0.14259
0.17519,0.85095,-0.49517,-0.16829,0.26731,0.87516
0.17306,0.81224,-0.55705,0.38735,-0.00575,1.47847
0.1821,0.77933,-0.59956,0.33996,-0.0926,0.95681
0.20543,0.75897,-0.61786,-0.02471,0.30209,0.11651
0.20602,0.74526,-0.63415,-0.52822,0.47465,0.66888
0.20352,0.73928,-0.64191,-0.66105,0.48144,0.87521
0.20163,0.74561,-0.63514,-0.5976,-0.13406,0.71951
0.20496,0.76639,-0.60879,-0.5442,-0.33665,0.70419
0.20973,0.79954,-0.5628,-0.40469,-0.25288,0.64663
0.20394,0.83698,-0.50781,-0.29036,0.06636,0.4022
0.18212,0.87362,-0.45123,-0.07699,0.35479,0.10205
0.14633,0.9074,-0.39397,-0.04591,0.27591,0.02078
0.10801,0.93489,-0.33809,0.00826,0.19383,-0.10947
0.06999,0.95478,-0.28895,0.08972,0.16143,-0.23794
0.04002,0.96669,-0.25277,0.36625,0.01277,-0.61476
0.03551,0.97007,-0.2402,0.57665,-0.42307,-0.53109
0.03593,0.97218,-0.23142,0.59125,-0.60945,-0.34247
0.03283,0.97337,-0.22684,0.11283,-1.1207,0.72193
0.03155,0.96915,-0.24443,-0.05986,-0.34874,0.82901
0.03185,0.96615,-0.256,-0.46172,1.37104,0.15162
0.01416,0.97461,-0.22342,-0.44444,1.73397,-0.15457
-0.00754,0.97642,-0.2157,-0.37044,0.68547,-1.19931
-0.01542,0.9648,-0.26251,-0.61966,0.98292,-0.44728
-0.00286,0.9603,-0.27893,-0.35375,0.00239,1.35099
0.02117,0.95323,-0.30149,0.11114,-0.51455,0.59456
0.03256,0.94621,-0.32188,0.2845,-0.24246,0.03439
0.02283,0.95045,-0.31003,0.50448,0.45841,-0.46598
0.04379,0.94724,-0.31751,0.61184,0.4201,-0.18465
0.07395,0.93782,-0.33913,0.33639,0.31724,-0.61044
0.09275,0.91606,-0.39015,-0.26386,0.51987,-0.3213
0.1081,0.88474,-0.45336,-0.22879,0.59915,0.41516
0.12155,0.8508,-0.51122,-0.13226,0.19279,0.87991
0.12978,0.82659,-0.54763,-0.15513,-0.0825,1.45438
0.13944,0.81201,-0.56673,-0.13941,-0.00814,0.86469
0.14107,0.79921,-0.58426,-0.20538,0.47064,0.56787
0.13131,0.78906,-0.60011,-0.25942,0.52969,0.8666
0.12815,0.79016,-0.59935,-0.35127,0.29238,0.79727
0.12464,0.80444,-0.58081,-0.53194,-0.12203,0.62732
0.12139,0.8303,-0.54394,-0.50614,-0.23478,0.58134
0.11868,0.8616,-0.49351,-0.35211,-0.21927,0.48524
0.10209,0.89037,-0.44363,-0.15633,-0.0533,0.30829
0.07021,0.91594,-0.39511,-0.03614,0.02537,0.11968
0.02766,0.94104,-0.33714,0.1129,0.03541,-0.00288
-0.01958,0.96001,-0.27926,0.48404,-0.22277,-0.81138
-0.04151,0.96349,-0.2645,0.54279,-0.2948,-0.80286
-0.05321,0.96742,-0.24749,0.25698,-0.96965,0.31388
-0.0646,0.97087,-0.23072,0.08622,-1.274,1.03852
-0.06682,0.9684,-0.24026,0.09473,-0.97168,0.884
-0.07183,0.96707,-0.24413,-0.44572,1.27238,-0.35189
-0.12137,0.97934,-0.16172,-0.64056,0.4762,-0.9894
-0.15435,0.97274,-0.17302,-0.41803,-0.16697,-0.00178
-0.14213,0.97181,-0.18805,0.14627,0.28835,-0.79904
-0.11912,0.97429,-0.19119,0.4053,0.44963,0.74908
-0.10294,0.97334,-0.20497,0.51203,0.05102,0.50024
-0.09312,0.96731,-0.23586,1.09535,-0.16406,-0.94488
-0.09812,0.96068,-0.25971,0.21547,0.21791,-0.02651
-0.10954,0.95042,-0.29101,0.11174,0.1877,-0.18523
-0.1291,0.93061,-0.34247,-0.13312,0.41924,-0.20825
-0.14798,0.90332,-0.40263,0.03369,0.62949,0.09958
-0.17301,0.86961,-0.46242,0.34954,0.53654,0.9254
-0.20396,0.8385,-0.50528,0.68219,0.16206,1.08135
-0.20762,0.82311,-0.52856,0.5277,0.18363,0.68306
-0.1702,0.81702,-0.5509,0.32562,1.16302,-0.04318
-0.15584,0.80294,-0.57532,-0.38181,0.48909,0.65509
-0.17106,0.78443,-0.59616,-0.44943,0.22859,0.76398
-0.18369,0.77168,-0.60891,-0.53987,-0.02751,0.75181
-0.17785,0.77014,-0.61257,-0.41778,-0.36431,0.72582
-0.17234,0.77496,-0.60805,-0.10655,-0.44106,0.72881
-0.18288,0.78143,-0.59658,0.19695,-0.34941,0.70498
-0.20561,0.79034,-0.57713,0.28528,-0.316,0.68175
-0.21773,0.80764,-0.548,0.15906,-0.25421,0.58679
-0.21559,0.82935,-0.51546,0.03189,-0.23694,0.0966
-0.2067,0.85355,-0.47826,0.05181,0.06398,-0.4406
-0.20398,0.88119,-0.42648,0.15787,0.31278,-0.45915
-0.22052,0.90325,-0.36811,0.33576,0.46754,-0.51098
-0.22906,0.9095,-0.34689,0.6268,0.83139,-1.40441
-0.23862,0.90323,-0.35668,0.23586,0.19071,-0.47772
-0.2498,0.89813,-0.36189,0.15994,-0.4342,-0.16724
-0.26372,0.89056,-0.3706,-0.18382,-0.64755,-0.6449
-0.29067,0.88816,-0.35592,-0.57711,2.1016,2.67988
-0.31335,0.88725,-0.33852,-0.14055,0.90419,1.62185
-0.32817,0.89124,-0.31304,0.80706,-0.54108,1.33975
-0.32536,0.89289,-0.31124,0.45657,0.43082,1.30032
-0.29592,0.89595,-0.33122,0.22101,1.29674,1.08547
-0.27861,0.89898,-0.33795,-0.01144,1.16497,0.43033
-0.27839,0.90947,-0.30879,0.28148,0.33626,0.77861
-0.2822,0.92277,-0.2624,0.38159,0.322,0.78372
-0.28518,0.93519,-0.20995,0.49963,0.26793,0.72588
-0.28331,0.94554,-0.16024,0.48674,0.12048,0.44121
-0.27247,0.95551,-0.11292,0.43597,0.15388,0.32363
-0.24926,0.96662,-0.05911,0.26354,0.13745,0.1284
-0.2194,0.97561,0.00583,-0.03776,-0.11694,0.04929
-0.19332,0.97904,0.06404,-0.10597,-0.22051,0.00705
-0.17396,0.97969,0.09963,-0.07552,-0.41573,-0.12553
-0.16432,0.9792,0.11897,-0.23131,-0.49244,-0.55743
-0.16913,0.97752,0.12585,-0.13249,-0.30281,-0.38547
-0.18149,0.97409,0.1349,0.13434,0.10129,-0.13615
-0.19663,0.96888,0.15033,0.24961,0.32519,-0.02871
-0.21096,0.96297,0.16783,0.30042,0.28601,-0.09932
-0.21974,0.95716,0.18852,0.61326,0.34211,-0.69638
-0.22565,0.95054,0.21341,0.77231,0.3726,-0.89816
-0.23575,0.94999,0.20477,0.50273,0.3085,-0.40164
-0.2463,0.95348,0.17375,0.31858,0.20525,-0.15763
-0.25847,0.95367,0.15391,0.43146,0.56201,-0.44099
-0.27522,0.95204,0.13366,0.55889,0.80489,-0.71558
-0.29528,0.95214,0.07889,0.84857,0.77384,-0.46212
-0.31565,0.94884,0.0075,0.7402,0.5912,-0.20497
-0.33262,0.94108,-0.06097,0.71319,0.59272,0.21539
-0.33796,0.93126,-0.13615,0.66219,0.81258,0.99108
-0.33231,0.91927,-0.21094,0.42512,1.0312,1.07866
-0.32868,0.90436,-0.27219,0.35715,0.9764,1.14634
-0.32677,0.89235,-0.31133,0.63924,0.41084,0.90182
-0.33776,0.88846,-0.31071,0.9671,0.2418,1.05476
-0.35386,0.88739,-0.29549,1.01934,0.1268,0.94978
-0.35295,0.88829,-0.29388,1.2437,0.06218,0.51191
-0.31101,0.89612,-0.3166,1.12657,0.2034,0.71449
-0.27098,0.90776,-0.32021,1.02359,0.26654,0.71866
-0.26353,0.91359,-0.30967,0.64762,0.04925,0.8967
-0.27753,0.91208,-0.3018,0.43074,-0.05516,0.97104
-0.30119,0.90802,-0.29115,0.27752,-0.10392,1.01041
-0.32808,0.90469,-0.27183,0.16905,-0.14282,1.22528
-0.34735,0.90369,-0.25035,-0.01186,-0.17153,1.1305
-0.35887,0.90552,-0.22634,-0.25192,-0.13164,0.96476
-0.36404,0.90874,-0.20411,-0.48293,-0.16951,0.77037
-0.3615,0.91384,-0.18497,-0.61127,-0.31656,0.3725
-0.3513,0.92147,-0.16576,-0.47342,-0.30947,0.06145
-0.33749,0.92928,-0.15011,-0.29738,-0.11029,-0.39776
-0.32628,0.93435,-0.14327,0.10608,0.24369,-1.03818
-0.31463,0.93808,-0.14495,0.2262,0.34535,-1.48783
-0.30957,0.93926,-0.14815,1.03824,0.18665,-1.52458
-0.27612,0.95128,-0.13715,2.02279,-0.14995,-0.85865
-0.25292,0.96099,-0.11188,1.69108,0.11782,1.66684
-0.27271,0.95745,-0.09435,-0.1367,0.88335,1.36076
-0.32298,0.93279,-0.15993,-0.80432,-0.02665,-0.43907
-0.36397,0.92012,-0.14453,-0.58675,-0.59406,0.86542
-0.36129,0.92461,-0.12067,0.06612,-0.80814,0.76194
-0.35457,0.9302,-0.0949,0.50396,-0.60284,0.71963
-0.35128,0.9349,-0.05043,0.44899,-0.20025,0.65677
-0.34888,0.93716,0.00282,0.45128,0.6281,0.7367
-0.37126,0.92789,0.03425,0.79188,1.01228,0.34557
-0.39771,0.91574,0.05698,0.84918,0.66892,0.13734
-0.40716,0.90763,0.1021,0.68498,-0.10183,-0.51581
-0.39106,0.90396,0.17297,0.50771,-0.09846,-0.16406
-0.36188,0.90412,0.22714,0.37012,-0.10438,0.03091
-0.3349,0.90775,0.25263,0.15767,-0.09671,0.04619
-0.31671,0.90895,0.2711,0.12854,-0.03256,-0.11181
-0.30517,0.90296,0.30252,0.06413,-0.00971,-0.15424
-0.3027,0.89026,0.34029,-0.21451,0.1632,-0.55695
-0.3009,0.87839,0.37132,-0.21918,0.11496,-0.47644
-0.30188,0.86826,0.39367,-0.12926,0.08459,-0.41615
-0.30573,0.85597,0.41693,0.44342,0.14278,-0.31005
-0.30337,0.84396,0.44237,0.57198,0.20195,-0.46701
-0.28996,0.83062,0.47538,0.65164,0.27946,-0.68079
-0.2759,0.81758,0.5054,0.16562,0.40056,-0.81413
-0.27435,0.82238,0.49841,-0.10578,0.43577,-0.96848
-0.28491,0.83554,0.46978,-0.13767,0.48105,-1.05134
-0.29578,0.85389,0.42822,0.63133,0.93124,-0.56155
-0.30556,0.87677,0.37136,0.82716,1.0259,-0.41924
-0.30441,0.90267,0.30414,1.08185,0.9478,-0.32854
-0.28989,0.92749,0.23604,0.61464,0.4996,0.65987
-0.26542,0.94891,0.17063,0.5076,0.46366,0.93749
-0.24808,0.9633,0.10247,0.04499,1.05567,0.71089
-0.24521,0.96888,0.03367,-0.15456,0.65711,0.43262
-0.24406,0.96945,-0.02425,-0.01082,0.10058,-0.58651
-0.21169,0.97608,-0.04942,0.27442,0.10143,-0.38668
-0.17474,0.98173,-0.07525,0.41357,-0.00526,0.40592
-0.15352,0.98226,-0.10763,0.27936,-0.12425,0.70553
-0.14035,0.97874,-0.14957,0.21713,-0.14306,0.69736
-0.12307,0.97461,-0.18702,0.26449,-0.23467,0.49713
-0.10268,0.97198,-0.21145,0.2277,-0.29476,0.58567
-0.09251,0.96934,-0.22762,-0.03481,-0.57154,0.62269
-0.09279,0.96629,-0.24015,-0.13144,-0.7358,0.5268
-0.09675,0.96498,-0.24383,-0.10339,-0.81071,0.43586
-0.1039,0.96584,-0.23738,-0.17193,-0.94013,0.53008
-0.10832,0.97043,-0.2157,-0.21341,-0.94277,0.51855
-0.10958,0.97848,-0.1748,-0.14731,-0.69208,0.34323
-0.11487,0.98687,-0.11351,-0.08188,-0.15179,0.16398
-0.13398,0.99003,-0.04344,-0.2227,0.7808,-0.64417
-0.14966,0.98865,-0.01299,-0.00455,0.06541,-0.51847
-0.14744,0.98902,-0.00975,0.07875,-0.09972,-0.27497
-0.14534,0.98937,0.00421,0.19927,-0.2079,-0.20531
-0.14499,0.98901,0.02873,0.28836,-0.22276,-0.17691
-0.14326,0.98754,0.06504,0.25119,-0.17678,-0.09598
-0.13522,0.98515,0.10573,0.18294,0.02316,0.02751
-0.12336,0.98316,0.13482,0.11439,0.04796,-0.12264
-0.11465,0.98105,0.15618,0.07574,0.13317,-0.19431
-0.10618,0.97674,0.18626,-0.21511,1.29435,0.00886
-0.10217,0.96874,0.22603,-0.2641,0.64832,-0.91441
-0.07836,0.9653,0.2491,-0.07143,-0.01051,-0.31577
-0.06663,0.96809,0.24157,-0.14432,0.43049,-0.20671
-0.07785,0.97093,0.2263,0.21318,1.24028,-0.75642
-0.0836,0.97404,0.21036,0.12625,0.49624,-0.11632
-0.08486,0.97649,0.19815,0.0411,-0.12051,0.26582
-0.08509,0.97895,0.18548,0.19848,-0.02856,0.41638
-0.08716,0.98059,0.17562,0.15035,-0.04896,0.51073
-0.09326,0.97879,0.18236,0.12468,0.04658,0.6143
-0.09492,0.97359,0.20759,0.10433,0.05024,0.09488
-0.09322,0.96461,0.24663,0.06412,0.07985,-0.17467
-0.08704,0.95186,0.29388,0.23248,0.15002,-0.99893
-0.08108,0.93257,0.35174,0.16323,0.21997,-1.44259
-0.09733,0.92245,0.37364,0.06318,-0.12177,-0.82977
-0.10865,0.92052,0.37527,0.07149,-0.21744,-0.76025
-0.11393,0.91949,0.37623,0.08051,-0.27004,-0.96631
-0.12778,0.9275,0.35128,0.01209,-0.31949,-0.90754
-0.14544,0.93715,0.31714,0.01107,-0.16774,-0.16079
-0.15169,0.9414,0.30122,0.26074,-0.24315,0.04369
-0.15224,0.94467,0.29053,0.47286,-0.19751,-0.07074
-0.15301,0.94843,0.27759,0.6636,-0.06585,-0.27287
-0.16088,0.95695,0.24158,0.66503,0.27429,-0.95212
-0.16024,0.96828,0.19169,0.24206,0.27782,-1.51928
-0.15091,0.97992,0.13027,-0.01292,0.6039,-0.80799
-0.13876,0.98902,0.05079,0.01429,1.08934,-0.3807
-0.13018,0.99082,-0.03625,0.17399,1.11875,-0.02743
-0.12775,0.98515,-0.1147,0.41034,0.52509,1.10271
-0.12542,0.97664,-0.17447,0.39555,0.42447,1.18554
-0.09517,0.97245,-0.21277,-0.34734,0.54235,-0.07619
-0.03725,0.97251,-0.22984,-0.49519,-0.1488,0.05479
0.00574,0.97065,-0.24043,-0.55533,-0.40576,0.30934
0.02179,0.96881,-0.24682,-0.594,-0.66534,0.3726
0.02359,0.97173,-0.23489,-0.44006,-0.49086,0.41741
0.01201,0.97921,-0.20245,-0.12632,-0.18422,0.34532
-0.01111,0.9881,-0.15342,-0.11827,-0.16708,0.2965
-0.04142,0.99416,-0.09963,-0.11162,-0.13724,0.0391
-0.07229,0.99627,-0.04707,0.0223,-0.18723,-0.18167
-0.09606,0.99533,0.0091,0.25876,-0.15048,-0.30121
-0.11275,0.99129,0.068,0.40753,-0.01456,-0.19918
-0.1209,0.98471,0.12538,0.23825,0.11063,-0.31781
-0.11741,0.97701,0.17792,0.2074,0.16844,-0.70777
-0.10574,0.97133,0.2129,0.50987,-0.45961,-1.16168
-0.09066,0.97087,0.22176,0.51774,-0.91826,-1.02967
-0.07984,0.97023,0.22864,0.06344,-1.07249,-0.13637
-0.07391,0.96725,0.24282,-0.02907,-0.46947,0.39444
-0.08392,0.96666,0.24188,-0.41672,1.53547,-0.17303
-0.11044,0.96483,0.23852,-0.36595,1.77073,-0.76464
-0.09658,0.95733,0.27237,0.6099,1.98525,-2.29901
-0.09317,0.967,0.23709,-0.31595,-0.11794,0.44313
-0.09023,0.97631,0.19664,-0.16392,-0.34655,0.58283
-0.0746,0.98295,0.168,0.0439,-0.57328,0.27041
-0.07343,0.98727,0.14106,0.03245,-0.26481,0.19545
-0.08579,0.98726,0.13399,0.03832,-0.19603,0.04504
-0.09433,0.98179,0.16486,0.93445,0.52041,-1.71195
-0.0992,0.98169,0.1626,0.52382,0.27941,-1.1038
-0.09176,0.9863,0.13706,-0.04569,0.5376,-1.33438
-0.07907,0.99393,0.07642,-0.54283,0.30227,-0.72019
-0.06694,0.99772,-0.0078,-0.51741,0.19034,-0.08775
-0.05473,0.99411,-0.09349,0.01881,0.12238,0.68433
-0.05282,0.98586,-0.15899,0.52763,-0.06864,0.66174
-0.04912,0.97738,-0.20568,0.49472,-0.01739,0.30885
-0.0272,0.97222,-0.23247,0.09414,0.38246,0.23653
-0.02286,0.96647,-0.25573,-0.70241,0.23122,0.72967
-0.01283,0.96414,-0.26508,-0.74057,-0.13392,0.61797
0.00403,0.96816,-0.25029,-0.63646,-0.35357,0.49776
0.01492,0.97662,-0.21444,-0.3373,-0.54334,0.3923
0.00988,0.9864,-0.16401,-0.15726,-0.36249,0.28544
-0.01413,0.99431,-0.10554,-0.07798,-0.22144,0.1746
-0.05219,0.99749,-0.04779,0.22899,0.04756,-0.15695
-0.09122,0.99564,0.01932,0.46179,0.27954,-0.31086
-0.11974,0.9872,0.10527,0.57319,0.3358,-0.49323
-0.12888,0.97374,0.18765,1.03646,0.215,-2.10442
-0.12257,0.97296,0.19572,1.04436,-0.10796,-2.32516
-0.1115,0.97208,0.20642,0.3793,-1.10712,0.42385
-0.10735,0.97302,0.20418,0.26903,-1.38336,0.78011
-0.10936,0.97912,0.17135,0.02832,-0.30518,0.43124
-0.11209,0.98089,0.15897,-0.80783,3.11298,-0.58213
-0.10521,0.96624,0.23515,-0.36618,0.76064,-1.75154
-0.06949,0.96414,0.2561,-0.49281,1.28462,-0.6646
-0.08162,0.97303,0.21571,-0.45779,0.24628,0.25737
-0.08021,0.97402,0.21175,0.07686,-0.40472,0.28126
-0.07539,0.97636,0.20257,0.41787,-0.24265,-0.02854
-0.07884,0.97998,0.18281,0.66971,0.03144,-0.54961
-0.09558,0.98122,0.16753,0.69555,0.3267,-1.17557
-0.10098,0.98271,0.15515,0.36575,0.22167,-1.26078
-0.09217,0.98828,0.12162,0.03422,0.13859,-1.46003
-0.07861,0.99504,0.0608,-0.5237,0.19226,-0.65803
-0.06056,0.99797,-0.0192,-0.34859,0.28649,-0.08683
-0.04691,0.99392,-0.09954,0.21292,-0.03526,0.98168
-0.03885,0.98463,-0.17024,0.57132,-0.15951,1.00834
-0.02474,0.97628,-0.21506,0.42656,0.10828,0.09589
0.00112,0.97122,-0.23818,0.21494,0.27965,-0.08833
0.00998,0.96624,-0.25745,-0.40266,0.42587,0.44457
0.01443,0.96414,-0.265,-0.67746,-0.06893,0.46461
0.02093,0.96814,-0.24952,-0.59398,-0.25775,0.36249
0.0213,0.97751,-0.20981,-0.38246,-0.42891,0.28609
0.00902,0.9881,-0.15354,-0.11771,-0.15518,0.19161
-0.01709,0.9958,-0.08989,-0.04829,-0.05416,0.11101
-0.05277,0.99832,-0.0237,0.14328,0.36725,-0.31039
-0.09031,0.99475,0.04807,0.28193,0.49132,-0.41872
-0.11794,0.98483,0.12726,0.5292,0.44672,-0.69054
-0.1301,0.97169,0.1972,0.67668,-0.03091,-1.25159
-0.12526,0.96722,0.22089,0.58191,-0.48006,-1.17366
-0.1157,0.96345,0.2416,0.60554,-0.6682,-0.85536
-0.10375,0.95794,0.26753,0.16206,-1.30358,0.53036
-0.09536,0.95925,0.26595,0.12899,-1.33385,0.54879
-0.09833,0.96394,0.24726,0.12311,-1.25711,0.507
-0.11784,0.96581,0.23088,-0.41143,2.65312,-0.52397
-0.14095,0.95569,0.25841,-0.29543,1.08769,-0.45894
-0.09828,0.927,0.36193,0.21811,0.06641,-1.17516
-0.05398,0.92263,0.38188,-0.03802,3.07783,-1.84163
-0.09364,0.92888,0.35833,-0.29193,0.03148,-0.0382
-0.10423,0.93258,0.34557,-0.07912,-0.45956,0.46225
-0.1018,0.935,0.3397,0.3532,-0.66768,0.0414
-0.09096,0.93633,0.33912,0.5007,-0.37775,-0.04199
-0.07212,0.93024,0.35977,0.82754,0.04864,-0.28957
-0.07394,0.91752,0.39073,0.64398,0.43155,-1.01849
-0.11247,0.92225,0.36986,-0.39217,0.29101,-3.54339
-0.12319,0.9379,0.32427,-0.62946,-0.10364,-0.87672
-0.10067,0.95366,0.28353,-0.03547,0.01888,0.12231
-0.10433,0.97016,0.21884,0.04307,0.2032,-0.24617
-0.11758,0.98206,0.14736,0.41293,0.25688,0.06707
-0.12424,0.98864,0.08451,0.79297,0.23864,0.50716
-0.12154,0.99175,0.04063,0.83167,0.41508,0.1805
-0.09942,0.99504,-0.00199,0.69122,0.46769,-0.29227
-0.06493,0.99677,-0.04711,-0.21227,0.5183,-0.53573
-0.03038,0.99554,-0.0892,-0.50501,0.37343,-0.02534
-0.00669,0.99165,-0.12873,-0.74579,-0.0097,0.12153
0.00975,0.98711,-0.15969,-0.47928,-0.35101,0.16322
0.01365,0.98384,-0.17852,-0.12896,-0.69404,0.22901
0.00879,0.9834,-0.18122,-0.0316,-0.71368,0.28228
0.00311,0.98527,-0.17095,0.06875,-0.57704,0.30476
-0.00067,0.98844,-0.15157,0.02271,-0.54084,0.05831
-0.00243,0.99224,-0.12429,-0.0128,-0.61849,-0.09283
-0.00241,0.9957,-0.09255,-0.1518,-0.80556,-0.73339
0.00121,0.9986,-0.05274,0.23619,-0.39667,-0.90197
0.00648,0.99995,0.00706,0.26223,-0.26426,-0.71783
0.0114,0.99789,0.06376,-0.00429,0.3739,-0.9853
0.01389,0.99439,0.10475,-0.02165,-0.07301,-0.65444
0.01287,0.99046,0.13718,0.01327,-0.37982,-0.41144
0.00629,0.98887,0.14857,0.03778,-0.72365,-0.79713
-0.0072,0.99121,0.13206,-0.38615,0.118,1.81702
-0.02795,0.99234,0.12032,-0.75178,1.69019,1.67124
-0.04607,0.99196,0.11781,-1.52587,1.8571,0.76843
-0.04258,0.98835,0.14611,-0.74396,1.96258,-0.00852
-0.0375,0.97925,0.19911,0.11113,0.45782,-1.42512
-0.02205,0.97759,0.20931,0.21619,-0.47092,0.54885
-0.03941,0.97402,0.22299,0.35784,-0.07076,0.57781
-0.05556,0.9708,0.23336,0.45734,0.06793,0.55249
-0.06062,0.96724,0.24647,0.53663,0.78732,0.10884
-0.06558,0.95642,0.28449,0.4848,1.02157,-0.50816
-0.07962,0.93394,0.34844,0.12762,0.81797,-0.45956
-0.10649,0.91436,0.39064,-0.0823,0.69578,-1.35752
-0.13425,0.89856,0.41778,0.40235,0.5297,-0.86013
-0.14856,0.88124,0.44869,0.53509,0.32225,-0.82958
-0.17486,0.85772,0.48346,0.80436,-0.09981,-1.41183
-0.20072,0.84355,0.49812,0.82327,-0.00363,-1.0115
-0.21561,0.83926,0.49914,0.75664,-0.09643,-0.93081
-0.22347,0.84323,0.48889,0.35961,-0.47598,-1.01071
-0.21827,0.85531,0.46987,0.23749,-0.42555,-0.65586
-0.20982,0.87265,0.44096,0.14356,-0.51765,-0.38855
-0.20398,0.89169,0.40405,0.1541,-0.32637,0.07518
-0.1866,0.91415,0.35984,0.48025,0.39619,0.26587
-0.14679,0.93699,0.31701,0.38652,1.05329,0.30316
-0.08565,0.95969,0.26766,-0.23349,1.84654,-0.27509
-0.02582,0.97499,0.2207,-0.4646,1.22664,-0.24713
0.01299,0.98592,0.16667,-0.63806,1.32865,-0.04652
0.0338,0.99321,0.11124,-1.05475,1.01297,0.17777
0.04988,0.99713,0.05675,-0.59177,-0.15749,-0.06485
0.07674,0.99691,0.01657,-0.12142,-0.15133,-0.03088
0.08787,0.99613,-0.00084,0.37794,0.03673,0.14557
0.09438,0.99533,-0.02014,0.48151,0.15493,0.1971
0.08826,0.99457,-0.05506,0.32404,0.02005,0.27892
0.08012,0.99247,-0.09262,-0.05321,-0.64531,0.48259
0.07052,0.98937,-0.12714,-0.10862,-0.91814,0.51641
0.06124,0.98665,-0.15088,-0.20971,-1.2491,0.55334
0.05206,0.98557,-0.16103,-0.22516,-1.41309,0.45636
0.04183,0.98712,-0.15438,-0.11996,-1.14381,0.28074
0.03225,0.98997,-0.1375,0.01403,-0.95959,0.23576
0.0276,0.9933,-0.11213,0.0198,-0.43438,-0.1098
0.02987,0.99624,-0.08127,-0.1417,0.73313,-0.8698
0.02926,0.99803,-0.05541,-0.20196,1.62601,-1.55352
0.02916,0.99689,-0.07308,0.52169,0.77506,-1.41803
0.03431,0.99302,-0.1128,-0.07434,-0.36923,-0.39894
0.0362,0.99044,-0.13306,-0.28394,-0.55471,-0.05881
0.0391,0.99074,-0.13002,-0.51819,-0.40921,0.12122
0.04452,0.99192,-0.11875,-0.48127,0.63325,0.24352
0.0508,0.99419,-0.09486,-0.40526,1.38472,0.29408
0.05268,0.99645,-0.06555,-0.72143,0.67432,-0.39932
0.06049,0.99558,-0.07178,-0.45092,-0.78127,1.23279
0.06692,0.9954,-0.06854,-0.54779,-0.77582,0.92311
0.06505,0.99734,-0.03264,-0.26583,-0.71202,0.83909
0.04567,0.99857,0.02774,-0.14707,-0.39522,0.61503
0.00904,0.9954,0.09535,-0.11474,-0.11672,0.4611
-0.03304,0.98491,0.16987,-0.16897,0.86254,0.3683
-0.04836,0.96921,0.24141,0.38756,0.88768,0.48341
-0.0454,0.95685,0.28701,0.60715,0.62154,0.38377
-0.04271,0.95068,0.3072,1.01198,-0.07768,-0.33961
-0.04954,0.94505,0.32313,0.73488,-0.14612,-0.65844
-0.06174,0.93024,0.3617,0.44638,-0.22692,-0.45432
-0.05652,0.91206,0.40613,0.25194,-0.22551,-0.23021
-0.03619,0.89864,0.43718,0.08377,-0.16953,-0.21918
-0.02953,0.88652,0.46172,0.03713,-0.12514,-0.24745
-0.05009,0.87094,0.48883,-0.02306,0.19994,-0.41807
-0.08929,0.84897,0.52083,-0.07937,0.2843,-0.52591
-0.11962,0.82622,0.55049,-0.09681,0.27948,-0.59167
-0.13386,0.81494,0.56386,0.15766,0.17847,-0.82205
-0.14624,0.80911,0.56916,0.3486,0.22578,-0.64865
-0.16028,0.79982,0.57843,0.4369,0.3213,-0.52138
-0.1726,0.79486,0.58171,0.58036,0.42584,-0.34749
-0.18292,0.79304,0.58105,0.63176,0.46096,-0.33456
-0.19403,0.79066,0.58069,0.74774,0.54535,-0.49071
-0.2028,0.7871,0.58252,0.69869,0.45721,-0.71361
-0.20935,0.78684,0.58055,0.30428,0.58439,-1.08931
-0.21148,0.80229,0.5582,0.22412,0.73277,-1.09693
-0.19448,0.8325,0.51876,-0.176,0.6592,-1.10396
-0.17848,0.87253,0.45477,-0.22269,0.65843,-0.95563
-0.1664,0.91358,0.37103,0.10388,0.76784,0.29245
-0.13801,0.94818,0.28616,0.10608,0.67109,0.86763
-0.10313,0.97295,0.20671,-0.27379,0.80957,0.72962
-0.0893,0.98684,0.13479,-0.58166,1.06192,0.30007
-0.10466,0.99112,0.08193,-1.25418,0.57747,-0.68922
-0.08605,0.99417,0.06486,-0.60609,0.09848,0.15671
-0.06492,0.99774,0.01686,-0.22456,-0.17738,0.37224
-0.07804,0.99507,-0.06115,0.31498,-0.59257,0.40688
-0.09044,0.98877,-0.11892,0.57497,-0.35849,0.30244
-0.0959,0.98126,-0.16711,0.63626,-0.36714,0.27133
-0.10245,0.97052,-0.21816,0.4606,-0.35061,0.31659
-0.10399,0.95988,-0.26042,0.15502,-0.43015,0.49446
-0.11402,0.94986,-0.29113,0.13745,-0.52742,0.59701
-0.12692,0.94278,-0.3083,-0.0877,-0.72156,0.68644
-0.1386,0.94125,-0.30794,-0.13146,-0.75868,0.67368
-0.14538,0.94465,-0.2941,0.00063,-0.73383,0.52225
-0.14359,0.95239,-0.26894,0.22834,-0.62013,0.22502
-0.12644,0.96477,-0.23072,0.22844,-0.57402,0.01504
-0.09487,0.97728,-0.18949,-0.21859,0.66444,-1.65462
-0.04922,0.98447,-0.16847,-0.84383,1.85694,-2.67218
-0.03311,0.98533,-0.16737,-0.79624,0.42313,-0.74982
-0.03337,0.98753,-0.15381,-0.55646,-0.11679,-0.69443
-0.03546,0.98775,-0.15197,-0.50583,-0.67541,0.06072
-0.04749,0.98874,-0.14188,-0.36833,-0.11406,0.45059
-0.06353,0.99247,-0.10464,0.81772,1.28307,1.06959
-0.05464,0.99456,-0.0886,-0.29661,1.21535,-1.94804
-0.03728,0.99648,-0.07503,0.0884,-0.20412,1.00512
-0.03631,0.99679,-0.07127,-0.01633,-0.51857,1.28211
-0.03522,0.99749,-0.06133,-0.13271,-0.62844,0.55825
-0.03613,0.99878,-0.03353,-0.00407,-0.46388,0.31029
-0.04846,0.99863,0.0194,-0.00043,-0.23096,0.28793
-0.07155,0.99323,0.0915,-0.20427,0.48352,0.60135
-0.0848,0.98345,0.16009,-0.09026,0.50564,0.44434
-0.08491,0.97451,0.20762,0.05299,0.43525,0.24219
-0.09081,0.969,0.22973,0.26299,-0.00608,-0.04525
-0.10084,0.96627,0.23694,0.3402,-0.12527,-0.12441
-0.10052,0.96478,0.24309,0.46478,-0.32214,-0.17174
-0.08338,0.95999,0.26731,0.57508,-0.19284,0.07957
-0.06403,0.9515,0.3009,0.64188,0.03495,0.10355
-0.06661,0.94448,0.32172,0.45588,0.06284,0.01059
-0.07748,0.93981,0.33279,0.42106,0.10406,-0.10081
-0.0955,0.9344,0.34318,0.43627,0.04427,-0.27577
-0.12363,0.92625,0.35605,0.48105,-0.02842,-0.34523
-0.15023,0.91719,0.36904,0.53884,-0.10792,-0.36335
-0.17063,0.9077,0.38334,0.32928,0.09795,-0.35594
-0.17993,0.89798,0.40155,0.22544,0.16248,-0.47541
-0.1789,0.88462,0.43061,0.11937,0.31536,-0.64727
-0.17473,0.86349,0.47312,0.49922,0.22965,-0.82249
-0.19379,0.85195,0.48643,0.58562,0.31205,-0.73879
-0.21992,0.85527,0.46918,0.53201,0.30926,-0.59632
-0.22478,0.85835,0.46119,0.46723,0.41609,-0.41567
-0.22364,0.8584,0.46164,0.41638,0.4048,-0.52469
-0.22697,0.85862,0.45962,0.33592,0.45077,-0.89907
-0.24102,0.87206,0.42591,0.31132,0.69547,-0.90351
-0.23677,0.89774,0.37147,0.20764,0.64117,-0.74587
-0.2278,0.92597,0.30113,0.04347,0.47517,-0.61284
-0.22848,0.9509,0.20875,0.434,0.65329,0.73246
-0.21643,0.96898,0.11929,0.38888,0.6725,0.9959
-0.19511,0.98005,0.03768,-0.05785,1.10027,0.68339
-0.1837,0.98235,-0.03519,-0.21532,1.17489,0.50069
-0.18961,0.97832,-0.08324,-0.59711,0.84588,-0.49416
-0.18924,0.97808,-0.08684,-0.78967,0.17443,0.20406
-0.1907,0.97272,-0.13206,-0.60377,-0.01897,0.72085
-0.19402,0.9586,-0.20839,-0.05813,-0.33287,0.6629
-0.19825,0.94438,-0.26238,0.4888,-0.37834,0.5234
-0.21286,0.92751,-0.30725,0.70239,-0.34017,0.44212
-0.22988,0.90635,-0.35452,0.7409,-0.2656,0.4653
-0.23423,0.88942,-0.39251,0.52114,-0.37068,0.4553
-0.24116,0.87609,-0.41749,0.15649,-0.65928,0.59309
-0.25401,0.86708,-0.42854,0.12709,-0.67284,0.64922
-0.27189,0.86443,-0.42289,0.2315,-0.73746,0.74201
-0.28834,0.86808,-0.4041,0.268,-0.76868,0.55942
-0.29926,0.87756,-0.3746,0.30519,-0.8011,0.42269
-0.29766,0.89448,-0.33363,0.42051,-0.47301,0.00363
-0.27413,0.91783,-0.28711,0.11005,0.31006,-1.15309
-0.23624,0.93555,-0.26254,-0.67399,2.22494,-2.5247
-0.22601,0.93492,-0.27356,-0.14078,1.02205,-0.53404
-0.2293,0.93726,-0.2626,-0.17997,-0.18342,-0.4672
-0.23626,0.93554,-0.26259,-0.42664,-0.37752,-0.23137
-0.25428,0.9362,-0.24261,-0.28835,0.45052,0.55084
-0.27102,0.93671,-0.22165,0.46051,0.94104,0.72227
-0.25977,0.93871,-0.22656,-0.21998,0.4739,-0.28468
-0.25527,0.94232,-0.21649,0.17949,-0.20087,0.60808
-0.26343,0.94421,-0.19767,0.17717,-0.4159,0.86401
-0.26674,0.94743,-0.1767,0.18148,-0.31129,0.77823
-0.26635,0.9521,-0.15016,0.26307,-0.14858,0.64537
-0.26847,0.95668,-0.11262,0.33148,0.10303,0.62504
-0.27177,0.96041,-0.06126,0.41989,0.24917,0.5997
-0.28128,0.9595,-0.01515,0.58194,0.5219,0.43659
-0.29512,0.95521,0.02174,0.72476,0.08295,0.16485
-0.29898,0.95264,0.0555,0.7616,-0.0626,0.02907
-0.29253,0.95437,0.05995,0.64709,-0.05708,-0.29841
-0.28416,0.95654,0.06533,0.42015,-0.08443,-0.27661
-0.2718,0.95768,0.09471,0.35768,-0.10757,-0.20825
-0.2567,0.95857,0.12347,0.28521,-0.1436,-0.07241
-0.24687,0.95879,0.14059,0.22015,-0.03084,-0.04294
-0.24664,0.95745,0.14985,0.22054,0.04554,-0.09286
-0.25457,0.95371,0.16005,0.21435,0.08185,-0.12618
-0.26441,0.94811,0.17655,0.36318,0.08255,-0.30975
-0.27479,0.9397,0.2036,0.52731,0.2632,-0.51234
-0.28441,0.9291,0.23638,0.60684,0.13517,-0.61985
-0.29152,0.92137,0.25709,0.56048,0.13935,-0.54904
-0.29989,0.91516,0.26935,0.53359,0.20725,-0.43843
-0.30832,0.91093,0.27413,0.34664,0.33305,-0.29917
-0.31212,0.90996,0.27304,0.13353,0.42987,-0.39321
-0.31334,0.9105,0.2698,0.03942,0.46103,-0.53778
-0.32444,0.91488,0.24028,0.48106,0.74554,-0.74405
-0.34418,0.92117,0.18162,0.70207,0.86629,-0.73589
-0.36364,0.92515,0.1089,0.84106,0.86716,-0.67149
-0.37915,0.92488,0.02916,1.25665,0.74091,0.46611
-0.38646,0.92162,-0.03551,1.23092,0.80285,1.01598
-0.38504,0.9188,-0.08686,0.9459,0.93178,0.98926
-0.37533,0.9155,-0.14484,0.35319,0.75544,0.83631
-0.35955,0.90916,-0.21012,0.28504,0.65035,0.76993
-0.32886,0.90854,-0.25769,0.16512,0.17456,0.49219
-0.28469,0.92342,-0.25737,0.50454,0.21503,0.11342
-0.24934,0.92839,-0.27554,0.41129,0.17197,0.28947
-0.24415,0.91813,-0.31213,0.34602,0.01688,0.47778
-0.25733,0.90614,-0.33569,0.61797,-0.13626,0.7536
-0.26394,0.89666,-0.35544,0.60599,-0.06619,0.70587
-0.26673,0.89003,-0.36973,0.55061,-0.01468,0.71612
-0.27794,0.88424,-0.37531,0.25536,-0.27249,0.92732
-0.29197,0.88136,-0.37142,0.03057,-0.44392,0.87789
-0.30303,0.88354,-0.35712,-0.11393,-0.59554,0.81085
-0.31055,0.89051,-0.3325,-0.08,-0.66927,0.736
-0.31348,0.90151,-0.29834,-0.05752,-0.68833,0.57898
-0.31184,0.91509,-0.25565,-0.1256,-0.63177,0.42771
-0.30771,0.93003,-0.20091,-0.14335,-0.24991,0.27946
-0.30501,0.9431,-0.13237,-0.07603,0.79179,-0.58821
-0.30482,0.94871,-0.08378,0.19717,2.08783,-2.50864
-0.30394,0.94845,-0.08978,0.50692,0.8722,-1.17555
-0.29798,0.94934,-0.09975,0.33299,-0.03465,-0.64839
-0.28491,0.95216,-0.11049,0.13843,-0.22195,-0.68706
-0.28273,0.9542,-0.09781,0.41553,-0.20839,1.43326
-0.29284,0.9535,-0.07122,0.56443,-0.22124,1.8321
-0.29838,0.95103,-0.08065,0.07963,0.10047,0.73676
-0.28797,0.95237,-0.10033,-0.0805,0.04836,0.37493
-0.27109,0.95692,-0.104,-0.06791,0.43316,0.28883
-0.26717,0.96039,-0.07912,0.03054,0.8363,0.33063
-0.28241,0.95866,-0.03474,0.2301,0.07219,0.18112
-0.29812,0.95438,0.01684,0.62857,0.05336,-0.60612
-0.3084,0.9485,0.07233,0.69433,0.17847,-0.51533
-0.308,0.94545,0.10612,0.60431,0.33934,-0.1071
-0.29095,0.94807,0.12847,0.33238,0.09859,0.14234
-0.26034,0.95277,0.15635,0.26471,-0.02868,0.15665
-0.2285,0.95565,0.18578,0.12526,-0.21073,0.05898
-0.20323,0.95588,0.21212,-0.10274,-0.26546,-0.46714
-0.18631,0.95267,0.24023,-0.26174,-0.20818,-0.72497
-0.17985,0.9497,0.25636,-0.25791,0.02137,-0.60653
-0.17652,0.95211,0.24963,-0.02915,0.31281,-0.55882
-0.17933,0.95629,0.23099,-0.01841,0.19569,-0.59693
-0.18601,0.95787,0.21882,0.05675,-0.21852,-0.31473
-0.19711,0.95667,0.21429,0.21135,-0.33138,-0.26424
-0.21098,0.95678,0.20016,0.28621,-0.2566,-0.55024
-0.22369,0.95811,0.17882,0.17352,0.01001,-0.44144
-0.23435,0.9579,0.16583,0.27534,0.01659,-0.29019
-0.24268,0.9578,0.15401,0.23568,-0.25228,0.10926
-0.24751,0.95832,0.14267,0.20722,-0.22143,-0.00231
-0.25139,0.95845,0.13479,0.24216,-0.22275,-0.02835
-0.2555,0.95825,0.12831,0.34973,-0.20349,-0.14016
-0.25785,0.95942,0.11408,0.72665,0.06592,-0.48737
-0.2592,0.96169,0.08924,0.64248,0.07102,-0.5672
-0.25611,0.96484,0.0591,0.5175,0.20618,-0.86961
-0.24936,0.96835,0.0104,0.5098,0.47311,-0.80676
-0.23707,0.96994,-0.05489,0.53385,1.10428,-0.72662
-0.22242,0.96649,-0.12813,0.36679,1.13411,-0.33293
-0.21462,0.95603,-0.19985,0.50199,0.69266,0.8345
-0.20897,0.94351,-0.25712,0.44049,0.32532,1.1952
-0.19413,0.93313,-0.30263,0.40351,0.13863,0.89608
-0.16968,0.92371,-0.34346,-0.35845,0.49819,-0.80045
-0.14001,0.91678,-0.37404,-0.69722,0.83831,-0.72603
-0.12128,0.91132,-0.39343,-0.65452,0.54355,0.29321
-0.106,0.90853,-0.40414,-0.01283,-0.23536,0.10429
-0.09636,0.90911,-0.40526,0.18259,-0.26971,0.08272
-0.09746,0.91293,-0.3963,0.3732,-0.31961,0.23484
-0.10829,0.91844,-0.38045,0.22293,-0.51245,0.46878
-0.12087,0.92529,-0.35947,0.02895,-0.62758,0.47276
-0.12748,0.93447,-0.33243,-0.07697,-0.70096,0.46673
-0.12633,0.94548,-0.30016,-0.13298,-0.60186,0.39922
-0.12216,0.95747,-0.26141,-0.12848,-0.55824,0.36367
-0.12199,0.96925,-0.21369,-0.15604,-0.63428,0.23719
-0.12856,0.97892,-0.15869,-0.17346,-0.79075,0.0451
-0.14042,0.98527,-0.09755,-0.04752,-0.65953,0.02146
-0.15356,0.98761,-0.03226,0.16058,-0.11392,-0.07884
-0.16279,0.9857,0.04349,0.35601,0.57778,0.04488
-0.16222,0.97995,0.1157,0.41841,1.40595,-0.29962
-0.15671,0.98067,0.11713,0.34431,1.46261,-0.94643
-0.14722,0.98415,0.0989,0.20702,-0.22543,-2.46123
-0.13107,0.9833,0.1262,-0.11852,-0.1593,0.46766
-0.10961,0.97678,0.18409,-0.10835,0.12756,0.91242
-0.10466,0.97148,0.21276,-0.40123,0.82599,1.14282
-0.12965,0.97053,0.20313,-0.14149,-0.2327,0.0778
-0.14368,0.97118,0.19015,0.03662,-0.30103,-0.05571
-0.1494,0.96987,0.19242,0.17708,0.00466,-0.07627
-0.15713,0.96806,0.19534,0.69456,4.43899,-4.62219
-0.16813,0.96334,0.20906,0.7103,1.54496,-2.16896
-0.17542,0.97076,0.16387,0.29043,-0.30408,0.99477
-0.17696,0.97669,0.12151,0.21274,-0.29292,0.84538
-0.17579,0.98006,0.09264,0.11678,-0.35726,0.87812
-0.17352,0.97961,0.1013,0.17547,-0.3256,0.41016
-0.16621,0.97798,0.12624,0.21617,-0.29185,0.10663
-0.1588,0.97581,0.15027,0.15526,-0.1298,-0.11345
-0.15348,0.97131,0.18165,0.13366,0.05191,-0.5883
-0.15887,0.97177,0.17442,0.20113,-0.1662,-0.29524
-0.16738,0.97381,0.15389,0.23539,-0.30976,-0.27083
-0.17022,0.97652,0.13201,0.17085,-0.55934,-0.54868
-0.17195,0.97882,0.11104,0.07518,-0.62124,-0.67506
-0.17391,0.9808,0.08818,-0.04023,-0.49017,-0.89837
-0.17463,0.98279,0.06026,0.32848,0.03316,-0.49091
-0.16825,0.9853,0.02969,0.40372,0.05291,-0.65217
-0.15468,0.98784,-0.01533,0.46818,0.00845,-0.58444
-0.13849,0.98771,-0.07239,0.83214,0.51267,-0.41082
-0.1164,0.98357,-0.13797,0.9362,0.80876,0.00807
-0.09177,0.97539,-0.20048,0.62969,0.84376,0.36995
-0.06196,0.9651,-0.25446,0.19687,0.75256,0.49641
-0.03208,0.95374,-0.29891,-0.25924,0.3634,0.00272
0.00242,0.94589,-0.32448,-0.39988,0.41527,-0.06104
0.02645,0.93928,-0.34213,-0.49099,0.11987,-0.08871
0.04,0.93558,-0.35084,-0.43644,-0.14026,-0.0881
0.04743,0.93739,-0.34503,-0.33433,-0.34703,0.09318
0.04512,0.9443,-0.32599,-0.24213,-0.52138,0.39681
0.03301,0.95443,-0.29661,-0.1922,-0.5619,0.62143
0.01777,0.96604,-0.25779,-0.167,-0.5659,0.60566
0.00109,0.97706,-0.21296,-0.23231,-0.44508,0.44259
-0.01916,0.98571,-0.16735,-0.29519,-0.40658,0.1952
-0.03849,0.99158,-0.12366,-0.15597,-0.44693,-0.06822
-0.05963,0.99559,-0.07239,0.11146,-0.34358,-0.13973
-0.08781,0.99599,-0.01728,0.41638,-0.02656,-0.59542
-0.11446,0.9926,0.04054,0.47875,0.22554,-0.7821
-0.1257,0.98662,0.10384,0.69157,1.15633,-1.07128
-0.12447,0.98508,0.11886,0.08678,-0.07277,-0.69694
-0.12053,0.9823,0.14336,-0.01311,-0.17934,-0.41657
-0.10411,0.97858,0.17759,-0.17814,0.2351,-0.03634
-0.09509,0.9735,0.20799,-0.34078,-0.13248,0.3776
-0.09913,0.97098,0.21762,-0.35653,-0.24702,0.0598
-0.10514,0.97102,0.21462,-0.00207,0.25821,-0.7811
-0.10944,0.97272,0.20456,0.18008,1.23514,-0.37267
-0.11981,0.97552,0.18439,0.3627,2.10502,-1.24746
-0.12591,0.98042,0.15136,0.24811,0.60443,-0.11761
-0.12431,0.98479,0.12138,0.12455,-0.23156,0.44696
-0.12147,0.98817,0.09365,0.12872,-0.28345,0.46536
-0.12285,0.98908,0.08134,0.12825,-0.21798,0.53867
-0.12354,0.98772,0.09559,0.34501,-0.03376,0.16422
-0.11756,0.98457,0.12961,0.91982,0.20446,-0.79709
-0.11385,0.97978,0.16452,0.22274,0.12934,-0.86458
-0.10963,0.97977,0.16742,-0.01357,0.1007,-0.47538
-0.10725,0.97927,0.17185,-0.13292,-0.28377,-0.37124
-0.11326,0.97853,0.17219,0.15161,-0.26254,-0.90034
-0.12379,0.97853,0.16479,0.19,-0.39599,-0.69914
-0.12559,0.97983,0.15542,0.26835,-0.38246,-0.57482
-0.13066,0.98031,0.14806,0.32405,-0.26679,-0.35053
-0.1405,0.9805,0.13742,0.43193,-0.14702,-0.39555
-0.1513,0.98082,0.12288,0.38389,-0.06563,-0.47673
-0.1488,0.98483,0.08929,0.45494,-0.12121,-0.9165
-0.1453,0.98809,0.05067,0.54247,0.23844,-0.52154
-0.13248,0.99118,-0.00104,0.5944,0.41032,-0.32961
-0.11634,0.9908,-0.0692,0.71112,0.80095,-0.20393
-0.09303,0.98737,-0.12826,0.45462,0.72099,0.40263
-0.06881,0.98045,-0.18432,0.35718,0.59663,0.63542
-0.03904,0.97252,-0.22951,0.0035,0.29461,0.61286
0.00554,0.96771,-0.25202,-0.32103,0.47733,-0.03862
0.04943,0.96278,-0.26573,-0.39596,0.53263,-0.34207
0.07338,0.95721,-0.27992,-0.34847,-0.13815,-0.0383
0.08699,0.95613,-0.27972,-0.25848,-0.27632,0.20274
0.09278,0.96017,-0.26356,-0.24441,-0.27404,0.28765
0.08923,0.9678,-0.23536,-0.27873,-0.23453,0.38558
0.07816,0.97662,-0.20023,-0.2781,-0.28269,0.32922
0.06196,0.9849,-0.16166,-0.29142,-0.36567,0.26306
0.04101,0.99158,-0.1228,-0.28892,-0.40906,0.17558
0.0168,0.9965,-0.08185,-0.21892,-0.44889,0.14693
-0.00675,0.99943,-0.03318,-0.03417,-0.36956,0.18256
-0.02723,0.99941,0.02104,0.11085,-0.05709,0.11581
-0.04794,0.99647,0.06885,0.31512,0.39551,-0.60865
-0.06906,0.98996,0.12329,0.35257,0.56573,-0.7838
-0.06475,0.98031,0.18652,0.38325,0.75736,-1.34478
-0.04852,0.98101,0.18779,-0.07666,-0.18659,-1.3572
-0.03525,0.98127,0.18938,-0.33697,-0.57239,-1.56681
-0.02526,0.97933,0.20066,-0.1458,-0.77209,0.27421
-0.02284,0.97852,0.20489,-0.25473,-0.52477,0.85534
-0.03516,0.9785,0.20319,-0.34675,0.32878,0.77271
-0.07014,0.9756,0.20803,-0.21381,0.71768,-0.49989
-0.0893,0.97204,0.21716,1.02228,0.443,-1.07576
-0.07821,0.96744,0.24071,1.11607,0.52444,-0.74533
-0.05695,0.96708,0.248,0.39056,2.43107,-0.18185
-0.05244,0.96871,0.24258,-0.03902,0.04179,-0.36988
-0.05398,0.97234,0.22723,-0.10146,-0.35781,-0.24604
-0.03673,0.97624,0.21356,-0.13057,-0.64701,0.1372
-0.02779,0.98102,0.19192,-0.29202,-0.49348,0.29313
-0.03158,0.98559,0.16619,-0.32668,-0.26559,0.31507
-0.04668,0.9869,0.15442,-0.34721,0.36549,-0.20742
-0.06051,0.98133,0.18255,0.13984,0.40852,-1.46841
-0.06646,0.97306,0.22075,0.0589,-0.152,-0.54404
-0.07499,0.97436,0.2121,0.06457,-0.50351,-0.26839
-0.07603,0.97495,0.20901,0.1115,-0.47466,-0.58201
-0.08334,0.98006,0.18035,0.07831,-0.12734,-0.69268
-0.08643,0.98449,0.15268,0.25697,-0.14991,-0.48705
-0.08673,0.98945,0.11602,0.28191,-0.03883,-0.53417
-0.08055,0.9947,0.06384,0.42736,0.62137,-0.74919
-0.06027,0.99818,-0.0008,0.73662,1.14509,-0.32416
-0.03426,0.99685,-0.07153,0.63465,0.12837,0.78832
-0.00345,0.98957,-0.14398,0.4672,0.7147,0.53683
0.01823,0.98294,-0.18299,-0.54955,0.98086,-0.11899
0.05496,0.97405,-0.21956,-0.73065,1.03836,-0.47327
0.0951,0.968,-0.23225,-0.65159,0.62855,-0.49209
0.12142,0.9645,-0.23451,-0.03308,-0.36667,-0.06824
0.12571,0.96416,-0.23363,0.05926,-0.31954,0.05423
0.1116,0.96603,-0.23309,-0.03076,-0.28249,0.09709
0.08762,0.96919,-0.23018,-0.33182,-0.14526,0.42081
0.06731,0.97427,-0.2151,-0.25055,-0.30091,0.21238
0.04536,0.98068,-0.19029,-0.12046,-0.39463,0.20861
0.02202,0.98737,-0.15688,-0.01862,-0.40389,0.20658
-0.002,0.99333,-0.11528,-0.20243,-0.54449,0.23122
-0.02495,0.9975,-0.06613,-0.20367,-0.61887,0.10751
-0.04383,0.99884,-0.01973,0.03956,-0.60884,0.11851
-0.06202,0.99773,0.02629,0.13944,-0.46271,0.18624
-0.07743,0.99423,0.07426,0.15486,-0.45921,0.13827
-0.09213,0.98821,0.12226,0.29661,0.37393,-0.39048
-0.10157,0.97939,0.17455,0.15534,0.62951,-0.85372
-0.09181,0.97157,0.21819,0.14558,0.63733,-0.89736
-0.08405,0.97214,0.21879,-0.10756,-0.13035,-1.44227
-0.07978,0.96903,0.23367,-0.12888,-0.41184,-0.6961
-0.08011,0.96141,0.26318,-0.11135,-0.28458,-0.5722
-0.07258,0.95288,0.29454,-0.29627,0.2407,-0.74334
-0.06403,0.94741,0.31353,-0.22941,0.80696,0.43441
-0.06505,0.9451,0.32023,-0.05529,0.18672,0.38094
-0.06833,0.94579,0.31751,0.23639,-0.52757,0.04783
-0.07326,0.94897,0.30674,0.41977,1.17697,-0.11035
-0.08326,0.95071,0.29869,0.49696,1.87325,-0.4134
-0.08745,0.94673,0.30991,0.49624,0.74278,-0.6357
-0.0893,0.9496,0.30048,0.10759,0.13532,-0.04471
-0.07487,0.95377,0.29107,0.12811,-0.07585,0.02037
-0.05413,0.95749,0.28335,-0.15499,-0.40843,0.98928
-0.05013,0.95685,0.28621,-0.21424,-0.24079,0.9995
-0.06183,0.95044,0.30468,-0.30502,-0.0473,0.48867
-0.0657,0.94019,0.33424,-0.3347,0.22332,-0.26587
-0.06395,0.9256,0.37307,-0.29855,0.16001,-0.35326
-0.05204,0.91,0.41131,-0.04204,-0.12378,-0.38095
-0.03005,0.89572,0.4436,0.05732,-0.07675,-1.05827
-0.00425,0.88126,0.47261,0.18633,0.20974,-0.62474
